-- MySQL dump 10.13  Distrib 8.0.27, for Win64 (x86_64)
--
-- Host: 127.0.0.1    Database: my_database
-- ------------------------------------------------------
-- Server version	8.0.27

/*!40101 SET @OLD_CHARACTER_SET_CLIENT=@@CHARACTER_SET_CLIENT */;
/*!40101 SET @OLD_CHARACTER_SET_RESULTS=@@CHARACTER_SET_RESULTS */;
/*!40101 SET @OLD_COLLATION_CONNECTION=@@COLLATION_CONNECTION */;
/*!50503 SET NAMES utf8mb4 */;
/*!40103 SET @OLD_TIME_ZONE=@@TIME_ZONE */;
/*!40103 SET TIME_ZONE='+00:00' */;
/*!40014 SET @OLD_UNIQUE_CHECKS=@@UNIQUE_CHECKS, UNIQUE_CHECKS=0 */;
/*!40014 SET @OLD_FOREIGN_KEY_CHECKS=@@FOREIGN_KEY_CHECKS, FOREIGN_KEY_CHECKS=0 */;
/*!40101 SET @OLD_SQL_MODE=@@SQL_MODE, SQL_MODE='NO_AUTO_VALUE_ON_ZERO' */;
/*!40111 SET @OLD_SQL_NOTES=@@SQL_NOTES, SQL_NOTES=0 */;

--
-- Table structure for table `chromosome`
--

DROP TABLE IF EXISTS `chromosome`;
/*!40101 SET @saved_cs_client     = @@character_set_client */;
/*!50503 SET character_set_client = utf8mb4 */;
CREATE TABLE `chromosome` (
  `chrom_id` int NOT NULL,
  `chromosome` text,
  `chrom_size` int DEFAULT NULL,
  PRIMARY KEY (`chrom_id`)
) ENGINE=InnoDB DEFAULT CHARSET=utf8mb4 COLLATE=utf8mb4_0900_ai_ci;
/*!40101 SET character_set_client = @saved_cs_client */;

--
-- Dumping data for table `chromosome`
--

LOCK TABLES `chromosome` WRITE;
/*!40000 ALTER TABLE `chromosome` DISABLE KEYS */;
INSERT INTO `chromosome` VALUES (1,'chr1',248956422),(2,'chr2',242193529),(3,'chr3',198295559),(4,'chr4',190214555),(5,'chr5',181538259),(6,'chr6',170805979),(7,'chr7',159345973),(8,'chr8',145138636),(9,'chr9',138394717),(10,'chr10',133797422),(11,'chr11',135086622),(12,'chr12',133275309),(13,'chr13',114364328),(14,'chr14',107043718),(15,'chr15',101991189),(16,'chr16',90338345),(17,'chr17',83257441),(18,'chr18',80373285),(19,'chr19',58617616),(20,'chr20',64444167),(21,'chr21',46709983),(22,'chr22',50818468),(23,'chrX',156040895),(24,'chrY',57227415);
/*!40000 ALTER TABLE `chromosome` ENABLE KEYS */;
UNLOCK TABLES;

--
-- Table structure for table `gene`
--

DROP TABLE IF EXISTS `gene`;
/*!40101 SET @saved_cs_client     = @@character_set_client */;
/*!50503 SET character_set_client = utf8mb4 */;
CREATE TABLE `gene` (
  `gene_id` int NOT NULL,
  `Ensembl_gene_id` char(15) DEFAULT NULL,
  `gene_name` text,
  `chrom_id` int DEFAULT NULL,
  `expr_quantity` int DEFAULT NULL,
  PRIMARY KEY (`gene_id`),
  KEY `gene_chromosome_chrom_id_fk` (`chrom_id`),
  CONSTRAINT `gene_chromosome_chrom_id_fk` FOREIGN KEY (`chrom_id`) REFERENCES `chromosome` (`chrom_id`)
) ENGINE=InnoDB DEFAULT CHARSET=utf8mb4 COLLATE=utf8mb4_0900_ai_ci;
/*!40101 SET character_set_client = @saved_cs_client */;

--
-- Dumping data for table `gene`
--

LOCK TABLES `gene` WRITE;
/*!40000 ALTER TABLE `gene` DISABLE KEYS */;
INSERT INTO `gene` VALUES (1,'ENSG00000134917','ADAMTS8',11,394),(2,'ENSG00000155897','ADCY8',8,295),(3,'ENSG00000187758','ADH1A',4,399),(4,'ENSG00000196616','ADH1B',4,632),(5,'ENSG00000043591','ADRB1',10,354),(6,'ENSG00000180772','AGTR2',23,126),(7,'ENSG00000198074','AKR1B10',7,459),(8,'ENSG00000148677','ANKRD1',10,569),(9,'ENSG00000265190','ANXA8',10,367),(10,'ENSG00000179913','B3GNT3',19,367),(11,'ENSG00000198488','B3GNT6',11,219),(12,'ENSG00000131668','BARX1',9,343),(13,'ENSG00000165810','BTNL9',5,512),(14,'ENSG00000167434','CA4',17,458),(15,'ENSG00000107159','CA9',9,449),(16,'ENSG00000158402','CDC25C',5,285),(17,'ENSG00000093009','CDC45',22,341),(18,'ENSG00000168539','CHRM1',11,395),(19,'ENSG00000112782','CLIC5',6,407),(20,'ENSG00000123500','COL10A1',6,184),(21,'ENSG00000080618','CPB2',13,413),(22,'ENSG00000095713','CRTAC1',10,408),(23,'ENSG00000108342','CSF3',17,309),(24,'ENSG00000164932','CTHRC1',8,451),(25,'ENSG00000140505','CYP1A2',15,298),(26,'ENSG00000019186','CYP24A1',20,270),(27,'ENSG00000126787','DLGAP5',14,337),(28,'ENSG00000137857','DUOX1',15,462),(29,'ENSG00000101210','EEF1A2',20,633),(30,'ENSG00000188833','ENTPD8',9,319),(31,'ENSG00000088926','F11',4,307),(32,'ENSG00000170323','FABP4',8,682),(33,'ENSG00000147689','FAM83A',8,343),(34,'ENSG00000171564','FGB',4,612),(35,'ENSG00000137441','FGFBP2',4,422),(36,'ENSG00000104760','FGL1',8,495),(37,'ENSG00000110203','FOLR3',11,334),(38,'ENSG00000125740','FOSB',19,443),(39,'ENSG00000140297','GCNT3',15,307),(40,'ENSG00000266524','GDF10',10,396),(41,'ENSG00000165474','GJB2',13,530),(42,'ENSG00000167588','GPD1',12,516),(43,'ENSG00000277494','GPIHBP1',8,464),(44,'ENSG00000206172','HBA1',16,665),(45,'ENSG00000164161','HHIP',4,285),(46,'ENSG00000166736','HTR3A',11,213),(47,'ENSG00000241644','INMT',7,498),(48,'ENSG00000137825','ITPKA',15,429),(49,'ENSG00000182255','KCNA4',11,260),(50,'ENSG00000189367','KIAA0408',6,436),(51,'ENSG00000090889','KIF4A',23,295),(52,'ENSG00000186832','KRT16',17,489),(53,'ENSG00000170477','KRT4',12,690),(54,'ENSG00000168481','LGI3',8,475),(55,'ENSG00000159708','LRRC36',16,311),(56,'ENSG00000282110','MAPK4',18,427),(57,'ENSG00000165304','MELK',9,330),(58,'ENSG00000196611','MMP1',11,299),(59,'ENSG00000262406','MMP12',11,175),(60,'ENSG00000137745','MMP13',11,57),(61,'ENSG00000101057','MYBL2',20,395),(62,'ENSG00000123119','NECAB1',8,427),(63,'ENSG00000109255','NMU',4,373),(64,'ENSG00000147206','NXF3',23,384),(65,'ENSG00000109205','ODAM',4,432),(66,'ENSG00000122133','PAEP',9,137),(67,'ENSG00000150275','PCDH15',10,214),(68,'ENSG00000134020','PEBP4',8,452),(69,'ENSG00000096088','PGC',6,722),(70,'ENSG00000164530','PI16',6,493),(71,'ENSG00000069011','PITX1',5,518),(72,'ENSG00000170890','PLA2G1B',12,674),(73,'ENSG00000166143','PPP1R14D',15,318),(74,'ENSG00000139304','PTPRQ',12,228),(75,'ENSG00000104918','RETN',19,367),(76,'ENSG00000102104','RS1',23,181),(77,'ENSG00000147655','RSPO2',8,309),(78,'ENSG00000182010','RTKN2',10,258),(79,'ENSG00000171509','RXFP1',4,264),(80,'ENSG00000149021','SCGB1A1',11,367),(81,'ENSG00000100012','SEC14L3',22,64),(82,'ENSG00000120057','SFRP5',10,467),(83,'ENSG00000133661','SFTPD',10,403),(84,'ENSG00000102683','SGCG',13,377),(85,'ENSG00000107295','SH3GL2',9,510),(86,'ENSG00000140600','SH3GL3',15,442),(87,'ENSG00000171243','SOSTDC1',7,328),(88,'ENSG00000164266','SPINK1',5,581),(89,'ENSG00000148488','ST8SIA6',10,239),(90,'ENSG00000168952','STXBP6',14,385),(91,'ENSG00000173227','SYT12',11,394),(92,'ENSG00000204176','SYT15',10,213),(93,'ENSG00000118526','TCF21',6,413),(94,'ENSG00000166292','TMEM100',17,441),(95,'ENSG00000137648','TMPRSS4',11,350),(96,'ENSG00000131747','TOP2A',17,408),(97,'ENSG00000135451','TROAP',12,335),(98,'ENSG00000175063','UBE2C',20,402),(99,'ENSG00000276184','UPK3B',7,366),(100,'ENSG00000156076','WIF1',12,424);
/*!40000 ALTER TABLE `gene` ENABLE KEYS */;
UNLOCK TABLES;

--
-- Table structure for table `gene_interaction`
--

DROP TABLE IF EXISTS `gene_interaction`;
/*!40101 SET @saved_cs_client     = @@character_set_client */;
/*!50503 SET character_set_client = utf8mb4 */;
CREATE TABLE `gene_interaction` (
  `inter_number` int NOT NULL,
  `gene_id` int NOT NULL,
  `inter_gene_name` text,
  PRIMARY KEY (`inter_number`,`gene_id`),
  KEY `interaction_gene_gene_id_fk` (`gene_id`),
  CONSTRAINT `interaction_gene_gene_id_fk` FOREIGN KEY (`gene_id`) REFERENCES `gene` (`gene_id`)
) ENGINE=InnoDB DEFAULT CHARSET=utf8mb4 COLLATE=utf8mb4_0900_ai_ci;
/*!40101 SET character_set_client = @saved_cs_client */;

--
-- Dumping data for table `gene_interaction`
--

LOCK TABLES `gene_interaction` WRITE;
/*!40000 ALTER TABLE `gene_interaction` DISABLE KEYS */;
INSERT INTO `gene_interaction` VALUES (1,1,'ACAN'),(1,2,'PTH'),(1,3,'ADH1A'),(1,4,'SERPINA3'),(1,5,'REN'),(1,6,'AGTR1'),(1,7,'INO80'),(1,8,'TTN'),(1,9,'MIR124-1'),(1,10,'ACAN'),(1,11,'MUC3A'),(1,12,'CYP17A1'),(1,14,'PTH'),(1,15,'SETD2'),(1,16,'CDK1'),(1,17,'CDC42'),(1,18,'GPRASP2'),(1,19,'EZR'),(1,20,'P4HB'),(1,21,'THBD'),(1,23,'TNF'),(1,24,'TGFB1'),(1,25,'AHR'),(1,26,'VDR'),(1,27,'TRIM37'),(1,28,'ADAM17'),(1,29,'HMGCR'),(1,30,'ATP6V1H'),(1,31,'F12'),(1,32,'PPARA'),(1,34,'IL6'),(1,35,'APP'),(1,36,'BCL2L11'),(1,37,'RNF115'),(1,38,'JUN'),(1,39,'CASK'),(1,40,'SMAD2'),(1,41,'CAV1'),(1,42,'INS'),(1,43,'LPL'),(1,44,'INS'),(1,45,'IHH'),(1,46,'PRL'),(1,47,'IL1A'),(1,48,'CALM1'),(1,49,'SAT1'),(1,50,'MDFI'),(1,51,'HMG20B'),(1,52,'EGF'),(1,53,'FOXN1'),(1,54,'AKT1'),(1,56,'TNF'),(1,57,'ZNF622'),(1,58,'IL1B'),(1,59,'TNF'),(1,60,'IL1B'),(1,61,'PCNA'),(1,62,'APP'),(1,63,'NMUR1'),(1,64,'NXT2'),(1,65,'IKBKG'),(1,66,'IL6'),(1,67,'WNT3'),(1,68,'PLD4'),(1,69,'PRKAG1'),(1,71,'RHOXF2'),(1,72,'CA2'),(1,73,'PPP1R14D'),(1,75,'INS'),(1,76,'LC5A1'),(1,77,'WNT11'),(1,78,'PACSIN1'),(1,79,'RLN3'),(1,80,'LRP2'),(1,82,'WNT16'),(1,83,'DCN'),(1,84,'FLNC'),(1,85,'SH3KBP1'),(1,86,'SH3KBP1'),(1,87,'BMP7'),(1,88,'CTRB1'),(1,89,'UBC'),(1,90,'SNAP25'),(1,91,'CA2'),(1,92,'CA2'),(1,93,'CTNNB1'),(1,94,'WNT3'),(1,96,'DHX9'),(1,97,'BYSL'),(1,98,'CDC20'),(1,99,'CASP1'),(1,100,'WNT1'),(2,1,'TIMP1'),(2,2,'CALM3'),(2,3,'HADH'),(2,4,'GNB2L1'),(2,5,'ARRB1'),(2,6,'ANG'),(2,7,'NOS2'),(2,8,'MYPN'),(2,9,'APP'),(2,10,'MUC17'),(2,11,'MUC3B'),(2,12,'BMP10'),(2,14,'TPM4'),(2,15,'PTH'),(2,16,'PCNA'),(2,17,'PCNA'),(2,18,'GPRASP1'),(2,19,'IQGAP1'),(2,20,'RUNX2'),(2,21,'PLG'),(2,23,'STAT3'),(2,24,'TGFB2'),(2,25,'CYP1A1'),(2,26,'PTH'),(2,27,'TRAF2'),(2,28,'EGFR'),(2,29,'APOB'),(2,31,'KNG1'),(2,32,'VIM'),(2,34,'PLG'),(2,36,'FGL2'),(2,38,'FOS'),(2,39,'RBM18'),(2,40,'BMP7'),(2,41,'GJA1'),(2,42,'PTN'),(2,44,'AHSP'),(2,45,'GLI1'),(2,46,'HTR2A'),(2,47,'HSP90AA1'),(2,48,'CAMK2A'),(2,49,'KCNA2'),(2,50,'TEX11'),(2,51,'KIFAP3'),(2,52,'IFNG'),(2,53,'IFNG'),(2,54,'AKT2'),(2,56,'IRF6'),(2,57,'CDC25B'),(2,58,'TNF'),(2,59,'MMP2'),(2,60,'TNF'),(2,61,'E2F1'),(2,63,'LEP'),(2,64,'NXT1'),(2,65,'APP'),(2,66,'COPS6'),(2,67,'WNT2'),(2,68,'PLD6'),(2,69,'PRKAG2'),(2,71,'DVL3'),(2,72,'TNF'),(2,75,'AKT1'),(2,76,'MAPK14'),(2,77,'WNT3'),(2,78,'QTRTD1'),(2,79,'RLN1'),(2,80,'FN1'),(2,82,'WNT3'),(2,83,'DMBT1'),(2,84,'SGCD'),(2,85,'CBL'),(2,86,'HTT'),(2,87,'BMP6'),(2,88,'ELN'),(2,90,'STX4'),(2,91,'INS'),(2,92,'INS'),(2,93,'TNF'),(2,94,'WNT2'),(2,96,'TOP2B'),(2,97,'KRT8'),(2,98,'CDH1'),(2,99,'CASP10'),(2,100,'WNT16'),(3,1,'IL1A'),(3,2,'VIP'),(3,3,'CSNK2A2'),(3,4,'PDE4DIP'),(3,5,'GIPC1'),(3,6,'ANGPT2'),(3,7,'ACACA'),(3,8,'LRPPRC'),(3,9,'RDH12'),(3,10,'MUC20'),(3,11,'TRAF6'),(3,12,'BMP15'),(3,14,'TPM3'),(3,15,'HIF1A'),(3,16,'WEE1'),(3,17,'APC'),(3,18,'GNAQ'),(3,19,'GSN'),(3,20,'ANXA5'),(3,21,'CEBPZ'),(3,23,'CSF2'),(3,24,'TGFB3'),(3,25,'CYP3A4'),(3,26,'MAPK14'),(3,27,'AURKA'),(3,28,'IL4'),(3,29,'NOS3'),(3,31,'RHOA'),(3,32,'PPARG'),(3,34,'ITGA2B'),(3,36,'IL6'),(3,38,'MAFB'),(3,39,'DHRSX'),(3,40,'BMP2'),(3,41,'GJB1'),(3,42,'MDH1'),(3,44,'DPP4'),(3,45,'HDAC11'),(3,46,'CA2'),(3,47,'COX4I2'),(3,48,'ACTA1'),(3,49,'DLG4'),(3,50,'BEGAIN'),(3,51,'CALM1'),(3,52,'APOA1'),(3,53,'SP1'),(3,54,'AKT3'),(3,56,'EGF'),(3,57,'LMNB1'),(3,58,'IL1A'),(3,59,'IL1B'),(3,60,'IL1A'),(3,61,'E2F7'),(3,63,'NMUR2'),(3,64,'XPO1'),(3,65,'TOLLIP'),(3,66,'XRCC6'),(3,67,'WNT1'),(3,68,'PLD1'),(3,69,'PRKAA2'),(3,71,'EGR1'),(3,72,'IL1B'),(3,75,'AKT2'),(3,76,'MAPK11'),(3,77,'WNT2'),(3,78,'CDH12'),(3,79,'RLN2'),(3,80,'CUBN'),(3,82,'WNT2'),(3,83,'MFAP4'),(3,84,'SSPN'),(3,85,'ITCH'),(3,86,'EMD'),(3,87,'BMP5'),(3,88,'TMPRSS15'),(3,90,'STX1A'),(3,91,'SNAP25'),(3,92,'SNAP25'),(3,93,'WNT1'),(3,94,'WNT1'),(3,96,'SRPK1'),(3,97,'TRO'),(3,98,'PCNA'),(3,99,'CASP12'),(3,100,'WNT3'),(4,2,'GCG'),(4,3,'ADH1C'),(4,4,'ADH1B'),(4,5,'GPRASP2'),(4,6,'TNF'),(4,7,'RBP2'),(4,8,'ATF7IP'),(4,9,'UCHL5'),(4,10,'MUC21'),(4,11,'MUCL1'),(4,12,'RPS6KA3'),(4,14,'TPM1'),(4,15,'TPM4'),(4,16,'MATK'),(4,17,'ORC5'),(4,18,'AGT'),(4,19,'NCBP1'),(4,20,'COL10A1'),(4,21,'PLAT'),(4,23,'IL1A'),(4,24,'FZD5'),(4,25,'CYP2D6'),(4,26,'MAPK15'),(4,27,'THAP1'),(4,28,'IL8'),(4,29,'PRH2'),(4,31,'KLKB1'),(4,32,'INS'),(4,34,'VWF'),(4,36,'CD200'),(4,38,'SMAD4'),(4,39,'SNUPN'),(4,40,'SMAD5'),(4,41,'GJB6'),(4,42,'GK'),(4,44,'HBE1'),(4,45,'HHIP'),(4,46,'AVP'),(4,47,'ME3'),(4,48,'PLCZ1'),(4,49,'NDUFA4L2'),(4,50,'SORBS3'),(4,51,'CAPN6'),(4,52,'KRT14'),(4,53,'HOXC13'),(4,56,'AHSA1'),(4,57,'BABAM1'),(4,58,'MMP2'),(4,59,'MMP9'),(4,60,'MMP2'),(4,61,'E2F6'),(4,63,'INS'),(4,64,'NXF2'),(4,66,'INS'),(4,67,'WNT6'),(4,68,'PLD2'),(4,69,'PRKAA1'),(4,71,'POU1F1'),(4,72,'IL1A'),(4,75,'AKT3'),(4,76,'MAPK12'),(4,77,'WNT1'),(4,78,'TGM4'),(4,79,'ADCY5'),(4,80,'PRL'),(4,82,'WNT1'),(4,83,'SFTPA1'),(4,84,'SGCB'),(4,85,'DNM2'),(4,86,'AES'),(4,87,'BMP4'),(4,88,'CTRC'),(4,90,'UBC'),(4,91,'VAMP2'),(4,92,'VAMP2'),(4,93,'RELA'),(4,94,'WNT6'),(4,96,'XPO1'),(4,97,'TROAP'),(4,98,'CDK1'),(4,99,'CASP14'),(4,100,'WNT6'),(5,2,'CALM2'),(5,3,'ADH1B'),(5,4,'IRAK3'),(5,5,'GPRASP1'),(5,6,'INS'),(5,7,'TERF2IP'),(5,8,'GSC'),(5,9,'S100A10'),(5,10,'MUC5B'),(5,11,'MUC2'),(5,12,'FGF19'),(5,14,'TPM2'),(5,15,'TPM3'),(5,16,'YWHAB'),(5,17,'CDK1'),(5,18,'PTGER1'),(5,19,'HSPA5'),(5,20,'SFTPD'),(5,21,'IL6'),(5,23,'IRF6'),(5,24,'FZD6'),(5,25,'CYP2C9'),(5,26,'MAPK10'),(5,27,'TPX2'),(5,28,'ELANE'),(5,29,'COG2'),(5,31,'APOH'),(5,32,'LIPE'),(5,34,'CA2'),(5,36,'FGG'),(5,38,'DDIT3'),(5,39,'MUC17'),(5,40,'SMAD1'),(5,41,'GJD3'),(5,42,'EXOC3'),(5,44,'HBA1'),(5,45,'SHH'),(5,46,'FOS'),(5,47,'KIRREL3'),(5,48,'PLCG2'),(5,49,'DLG1'),(5,50,'CARD9'),(5,51,'SKA2'),(5,52,'KRT10'),(5,53,'KRT17'),(5,56,'INS'),(5,57,'TNKS'),(5,58,'MMP9'),(5,59,'IL1A'),(5,60,'MMP9'),(5,61,'E2F5'),(5,63,'IL6'),(5,64,'NXF2B'),(5,66,'IGSF21'),(5,67,'WNT4'),(5,68,'PLD3'),(5,69,'PRKAB2'),(5,71,'RBPMS'),(5,72,'WDR61'),(5,75,'TNF'),(5,76,'MAPK13'),(5,77,'WNT6'),(5,78,'KRT5'),(5,79,'RXFP1'),(5,80,'IL10'),(5,82,'WNT6'),(5,83,'IL4'),(5,84,'SGCA'),(5,85,'SH3GL2'),(5,86,'RPL35A'),(5,87,'BMP3'),(5,88,'NRSN1'),(5,91,'STX11'),(5,92,'STX11'),(5,93,'NFKB1'),(5,94,'WNT4'),(5,96,'HDAC1'),(5,97,'TRIM23'),(5,98,'ANAPC2'),(5,99,'CASP8'),(5,100,'WNT4'),(6,2,'CALM1'),(6,4,'PML'),(6,5,'ADRA2A'),(6,6,'ACE'),(6,8,'MYL1'),(6,9,'S100A6'),(6,10,'LUM'),(6,11,'MUC1'),(6,12,'FGF18'),(6,14,'SLC4A1'),(6,15,'TPM2'),(6,16,'CCNB1'),(6,17,'ORC3'),(6,18,'EDN1'),(6,19,'ANP32B'),(6,20,'COL22A1'),(6,21,'IFNG'),(6,23,'IL4'),(6,24,'CTHRC1'),(6,25,'CYP2C19'),(6,26,'MAPK11'),(6,27,'SUMO2'),(6,28,'TPO'),(6,29,'CRP'),(6,31,'F10'),(6,32,'VEGFA'),(6,34,'INS'),(6,36,'FGA'),(6,38,'ATF4'),(6,39,'MUC20'),(6,40,'BMP10'),(6,41,'GJA8'),(6,42,'OSGEP'),(6,44,'HBA2'),(6,45,'MDN1'),(6,46,'ACACA'),(6,47,'KLHL8'),(6,48,'PLCG1'),(6,49,'DLG2'),(6,50,'TRAF2'),(6,51,'PARP4'),(6,52,'ALB'),(6,53,'INA'),(6,56,'EPHB2'),(6,57,'CLPX'),(6,58,'TIMP1'),(6,59,'TIMP1'),(6,60,'TIMP1'),(6,61,'E2F4'),(6,63,'AVPR1B'),(6,64,'NXF1'),(6,66,'IL18'),(6,67,'WNT16'),(6,68,'MAP2K1'),(6,69,'PRKAB1'),(6,71,'TBX4'),(6,72,'CTR9'),(6,75,'SOCS3'),(6,76,'RS1'),(6,77,'WNT4'),(6,78,'SLC6A9'),(6,79,'ADCY4'),(6,80,'SPP1'),(6,82,'WNT4'),(6,83,'COL10A1'),(6,84,'SGCE'),(6,85,'DNM1'),(6,86,'NDUFB9'),(6,87,'BMP2'),(6,91,'SV2A'),(6,92,'SV2A'),(6,93,'WNT2'),(6,94,'WNT16'),(6,96,'HDAC2'),(6,97,'DYNLL1'),(6,98,'UBE2C'),(6,99,'CASP16'),(6,100,'WNT2'),(7,2,'CA2'),(7,4,'YWHAE'),(7,5,'GRB2'),(7,6,'IRF6'),(7,8,'GCM1'),(7,10,'MUC3A'),(7,11,'MUC7'),(7,12,'MAPK6'),(7,14,'GAST'),(7,15,'TPM1'),(7,16,'CHKA'),(7,17,'FAR1'),(7,18,'ADRA1B'),(7,19,'PDCD10'),(7,20,'COL8A2'),(7,21,'TNF'),(7,23,'IL6'),(7,24,'ROR2'),(7,25,'CYP3A'),(7,26,'MAPK12'),(7,27,'UBC'),(7,28,'TXNDC11'),(7,29,'AKT1'),(7,31,'F11'),(7,32,'RXRA'),(7,34,'PLAT'),(7,36,'FGB'),(7,38,'ATF7'),(7,39,'MUC21'),(7,40,'BMP15'),(7,41,'CD14'),(7,42,'POMP'),(7,44,'HBB'),(7,45,'ZFR'),(7,46,'HSPA5'),(7,48,'PLCE1'),(7,49,'ERBB2IP'),(7,50,'GFAP'),(7,51,'KIF3A'),(7,52,'GFAP'),(7,53,'ATG4B'),(7,56,'IL6'),(7,57,'STK16'),(7,58,'IRF6'),(7,59,'CASP14'),(7,60,'CASP12'),(7,61,'E2F3'),(7,63,'AVPR1A'),(7,64,'NUP85'),(7,66,'IL5'),(7,67,'WNT11'),(7,68,'PLD5'),(7,69,'SIRT1'),(7,71,'MT1H'),(7,72,'CDC73'),(7,75,'LEP'),(7,77,'WNT16'),(7,78,'SAA4'),(7,79,'ADCY6'),(7,80,'CHI3L1'),(7,82,'WNT11'),(7,83,'SFTPD'),(7,84,'IL1B'),(7,85,'HLA-DQA1'),(7,86,'GABBR2'),(7,87,'BMP1'),(7,91,'BDNF'),(7,92,'BDNF'),(7,93,'WNT4'),(7,94,'WNT11'),(7,96,'YWHAE'),(7,97,'FOXK1'),(7,98,'CDK2'),(7,99,'CASP9'),(7,100,'WNT11'),(8,2,'ADCYAP1'),(8,4,'CEBPB'),(8,5,'DLG4'),(8,6,'MAPK3'),(8,8,'MAFB'),(8,10,'MUC3B'),(8,11,'MUC6'),(8,12,'FGF13'),(8,14,'SLC4A3'),(8,15,'GAST'),(8,16,'CDK2'),(8,17,'CDK2'),(8,18,'HTR2C'),(8,19,'SUPT5H'),(8,20,'FCN2'),(8,21,'IL10'),(8,23,'IL3'),(8,25,'CYP2E1'),(8,26,'MAPK13'),(8,27,'APP'),(8,28,'MUC1'),(8,29,'AKT2'),(8,31,'F2'),(8,32,'EXT2'),(8,34,'ARG1'),(8,36,'FN1'),(8,38,'ATF2'),(8,39,'MUC5B'),(8,40,'BMP6'),(8,41,'CNST'),(8,42,'CIRH1A'),(8,44,'HBG2'),(8,45,'HUWE1'),(8,46,'REN'),(8,48,'CALM2'),(8,49,'SNTA1'),(8,50,'YWHAG'),(8,51,'KIF3B'),(8,52,'KRT9'),(8,53,'NEFM'),(8,56,'RELA'),(8,57,'PLK1'),(8,58,'EPHB2'),(8,59,'CASP10'),(8,60,'CASP6'),(8,61,'E2F2'),(8,63,'LTB4R2'),(8,64,'SRSF5'),(8,66,'IL2'),(8,68,'CA2'),(8,69,'UCP1'),(8,71,'NR5A1'),(8,72,'PAF1'),(8,75,'MAPK3'),(8,77,'JMJD6'),(8,78,'IGHG1'),(8,79,'ADCY7'),(8,80,'LMBR1L'),(8,82,'WNT5B'),(8,83,'COL22A1'),(8,84,'SGCZ'),(8,85,'EGFL6'),(8,86,'VIM'),(8,87,'BMP10'),(8,91,'UBC'),(8,93,'WNT11'),(8,94,'CREB3'),(8,96,'PIN1'),(8,97,'DYNLL2'),(8,98,'MCC'),(8,99,'CASP6'),(8,100,'WNT3A'),(9,2,'SST'),(9,4,'CEBPA'),(9,5,'MAGI2'),(9,6,'IL6'),(9,8,'NKX2-1'),(9,10,'FMOD'),(9,11,'MUC4'),(9,12,'FGF12'),(9,14,'PRDX2'),(9,15,'CTNNB1'),(9,16,'TP53'),(9,17,'CDKN2A'),(9,18,'GNAS'),(9,19,'NAPG'),(9,20,'RPS18'),(9,21,'SELP'),(9,23,'JAK2'),(9,25,'PHIP'),(9,26,'CEBPB'),(9,27,'BTRC'),(9,29,'AKT3'),(9,31,'F3'),(9,32,'OSTF1'),(9,34,'ARG2'),(9,36,'VKORC1'),(9,38,'FOSB'),(9,39,'MUC3A'),(9,40,'BMP5'),(9,41,'FBXO2'),(9,42,'PAN2'),(9,44,'PTEN'),(9,45,'PES1'),(9,46,'HTR4'),(9,48,'CALM3'),(9,49,'KCNA5'),(9,50,'HOOK2'),(9,51,'NUMA1'),(9,52,'KRT6B'),(9,53,'USP25'),(9,56,'NFKB1'),(9,57,'PRDX5'),(9,58,'MAPK3'),(9,59,'CASP12'),(9,60,'CASP7'),(9,61,'E2F8'),(9,63,'TAS2R5'),(9,64,'SRSF4'),(9,66,'AKT1'),(9,68,'EPHB2'),(9,69,'CPT1A'),(9,71,'NFKB1'),(9,72,'LEO1'),(9,75,'MAPK14'),(9,77,'SUV39H1'),(9,78,'KRT1'),(9,79,'ADCY1'),(9,80,'FOXA2'),(9,82,'WNT3A'),(9,83,'COL8A2'),(9,84,'DAG1'),(9,85,'EMD'),(9,86,'SH3GL1'),(9,87,'BMP15'),(9,93,'WNT3'),(9,94,'UBC'),(9,96,'CSNK2A1'),(9,97,'SIPA1L3'),(9,98,'PLK1'),(9,99,'CASP7'),(9,100,'SMAD1'),(10,2,'SCT'),(10,4,'ADH1C'),(10,5,'GNAS'),(10,6,'IL1A'),(10,8,'NKX2-5'),(10,10,'PRELP'),(10,11,'MUC5AC'),(10,12,'FGF11'),(10,14,'PIH1D1'),(10,15,'ADCY10'),(10,16,'YWHAZ'),(10,17,'TPP1'),(10,18,'GNAI2'),(10,19,'NAPA'),(10,20,'C1QB'),(10,21,'IL2'),(10,23,'EPHB2'),(10,25,'CYP1B1'),(10,26,'MAPK3'),(10,27,'CDK1'),(10,29,'THBD'),(10,31,'PLG'),(10,32,'ACTB'),(10,34,'IL1A'),(10,36,'THBS1'),(10,38,'SMAD3'),(10,39,'MUC3B'),(10,40,'BMP4'),(10,41,'SKP1'),(10,42,'CHEK2'),(10,44,'ATP6AP1'),(10,45,'PDCD11'),(10,46,'RIC3'),(10,48,'INPPL1'),(10,49,'KCNA3'),(10,50,'TRIM37'),(10,51,'DNPEP'),(10,52,'FOXN1'),(10,53,'EGF'),(10,56,'PTGS2'),(10,57,'SF3B1'),(10,58,'CASP12'),(10,59,'CASP16'),(10,60,'CASP4'),(10,61,'RBL1'),(10,63,'POMC'),(10,64,'SRSF6'),(10,66,'AKT2'),(10,68,'NAPEPLD'),(10,69,'CREB5'),(10,71,'RELA'),(10,72,'IRF6'),(10,75,'MAPK10'),(10,77,'RSPO1'),(10,78,'IGHV@'),(10,79,'ADCY2'),(10,80,'TRIM32'),(10,82,'FZD10'),(10,83,'FCN2'),(10,84,'NOTCH4'),(10,85,'TCEA2'),(10,86,'WDR33'),(10,87,'WNT6'),(10,93,'WNT6'),(10,96,'LMNA'),(10,97,'ENAH'),(10,98,'ANAPC11'),(10,99,'CASP4'),(10,100,'FZD1');
/*!40000 ALTER TABLE `gene_interaction` ENABLE KEYS */;
UNLOCK TABLES;

--
-- Table structure for table `protein`
--

DROP TABLE IF EXISTS `protein`;
/*!40101 SET @saved_cs_client     = @@character_set_client */;
/*!50503 SET character_set_client = utf8mb4 */;
CREATE TABLE `protein` (
  `prot_id` int NOT NULL,
  `Uniprot_id` text,
  `prot_short` text,
  `prot_full` text,
  `prot_length` int DEFAULT NULL,
  `tissue_id` int DEFAULT NULL,
  PRIMARY KEY (`prot_id`),
  KEY `protein_tissue_tissue_specificity_id_fk` (`tissue_id`),
  CONSTRAINT `protein_tissue_tissue_specificity_id_fk` FOREIGN KEY (`tissue_id`) REFERENCES `tissue` (`tissue_id`)
) ENGINE=InnoDB DEFAULT CHARSET=utf8mb4 COLLATE=utf8mb4_0900_ai_ci;
/*!40101 SET character_set_client = @saved_cs_client */;

--
-- Dumping data for table `protein`
--

LOCK TABLES `protein` WRITE;
/*!40000 ALTER TABLE `protein` DISABLE KEYS */;
INSERT INTO `protein` VALUES (1,'Q9UP79','ATS8_HUMAN','A disintegrin and metalloproteinase with thrombospondin motifs 8 (ADAM-TS 8) (ADAM-TS8) (ADAMTS-8) (EC 3.4.24.-) (METH-2) (METH-8)',889,1),(2,'E7EVL1','E7EVL1_HUMAN','Adenylate cyclase type 8 (EC 4.6.1.1)',1120,NULL),(3,'P40145','ADCY8_HUMAN','Adenylate cyclase type 8 (EC 4.6.1.1) (ATP pyrophosphate-lyase 8) (Adenylate cyclase type VIII) (Adenylyl cyclase 8) (AC8) (Ca(2+)/calmodulin-activated adenylyl cyclase)',1251,2),(4,'P07327','ADH1A_HUMAN','Alcohol dehydrogenase 1A (EC 1.1.1.1) (Alcohol dehydrogenase subunit alpha)',375,NULL),(5,'D6RHZ6','D6RHZ6_HUMAN','All-trans-retinol dehydrogenase [NAD(+)] ADH1B',335,NULL),(6,'V9HW50','V9HW50_HUMAN','All-trans-retinol dehydrogenase [NAD(+)] ADH1B (Epididymis secretory protein Li 117)',375,NULL),(7,'P00325','ADH1B_HUMAN','All-trans-retinol dehydrogenase [NAD(+)] ADH1B (EC 1.1.1.105) (Alcohol dehydrogenase 1B) (Alcohol dehydrogenase subunit beta)',375,NULL),(8,'P08588','ADRB1_HUMAN','Beta-1 adrenergic receptor (Beta-1 adrenoreceptor) (Beta-1 adrenoceptor)',477,NULL),(9,'P50052','AGTR2_HUMAN','Type-2 angiotensin II receptor (Angiotensin II type-2 receptor) (AT2)',363,3),(10,'O60218','AK1BA_HUMAN','Aldo-keto reductase family 1 member B10 (EC 1.1.1.300) (EC 1.1.1.54) (ARL-1) (Aldose reductase-like) (Aldose reductase-related protein) (ARP) (hARP) (Small intestine reductase) (SI reductase)',316,4),(11,'Q15327','ANKR1_HUMAN','Ankyrin repeat domain-containing protein 1 (Cardiac ankyrin repeat protein) (Cytokine-inducible gene C-193 protein) (Cytokine-inducible nuclear protein)',319,5),(12,'A0A075B748','A0A075B748_HUMAN','Annexin A8',21,NULL),(13,'P13928','ANXA8_HUMAN','Annexin A8 (Annexin VIII) (Annexin-8) (Vascular anticoagulant-beta) (VAC-beta)',327,NULL),(14,'A0A087WTN9','A0A087WTN9_HUMAN','Annexin',365,NULL),(15,'A0A075B765','A0A075B765_HUMAN','Annexin',276,NULL),(16,'Q9Y2A9','B3GN3_HUMAN','N-acetyllactosaminide beta-1,3-N-acetylglucosaminyltransferase 3 (EC 2.4.1.149) (Beta-1,3-galactosyl-O-glycosyl-glycoprotein beta-1,3-N-acetylglucosaminyltransferase) (EC 2.4.1.146) (Beta-1,3-galactosyltransferase 8) (Beta-1,3-GalTase 8) (Beta3Gal-T8) (Beta3GalT8) (b3Gal-T8) (Beta-3-Gx-T8) (Core 1 extending beta-1,3-N-acetylglucosaminyltransferase) (Core1-beta3GlcNAcT) (Transmembrane protein 3) (UDP-Gal:beta-GlcNAc beta-1,3-galactosyltransferase 8) (UDP-GlcNAc:betaGal beta-1,3-N-acetylglucosaminyltransferase 3) (BGnT-3) (Beta-1,3-Gn-T3) (Beta-1,3-N-acetylglucosaminyltransferase 3) (Beta3Gn-T3) (UDP-galactose:beta-N-acetylglucosamine beta-1,3-galactosyltransferase 8)',372,6),(17,'Q6ZMB0','B3GN6_HUMAN','Acetylgalactosaminyl-O-glycosyl-glycoprotein beta-1,3-N-acetylglucosaminyltransferase (EC 2.4.1.147) (Core 3 synthase) (UDP-GlcNAc:betaGal beta-1,3-N-acetylglucosaminyltransferase 6) (BGnT-6) (Beta-1,3-Gn-T6) (Beta-1,3-N-acetylglucosaminyltransferase 6) (Beta3Gn-T6)',384,7),(18,'Q9HBU1','BARX1_HUMAN','Homeobox protein BarH-like 1',254,8),(19,'Q6UXG8','BTNL9_HUMAN','Butyrophilin-like protein 9',535,NULL),(20,'B7Z4Y8','B7Z4Y8_HUMAN','Butyrophilin-like protein 9 (cDNA FLJ52190, highly similar to Butyrophilin-like protein 9)',246,NULL),(21,'P22748','CAH4_HUMAN','Carbonic anhydrase 4 (EC 4.2.1.1) (Carbonate dehydratase IV) (Carbonic anhydrase IV) (CA-IV)',312,9),(22,'A0A087WYS4','A0A087WYS4_HUMAN','Carbonic anhydrase (EC 4.2.1.1)',356,NULL),(23,'Q16790','CAH9_HUMAN','Carbonic anhydrase 9 (EC 4.2.1.1) (Carbonate dehydratase IX) (Carbonic anhydrase IX) (CA-IX) (CAIX) (Membrane antigen MN) (P54/58N) (Renal cell carcinoma-associated antigen G250) (RCC-associated antigen G250) (pMW1)',459,10),(24,'P30307','MPIP3_HUMAN','M-phase inducer phosphatase 3 (EC 3.1.3.48) (Dual specificity phosphatase Cdc25C)',473,NULL),(25,'A0A5K1VW85','A0A5K1VW85_HUMAN','Cell division control protein 45 homolog',398,NULL),(26,'O75419','CDC45_HUMAN','Cell division control protein 45 homolog (PORC-PI-1)',566,11),(27,'P11229','ACM1_HUMAN','Muscarinic acetylcholine receptor M1',460,NULL),(28,'Q9NZA1','CLIC5_HUMAN','Chloride intracellular channel protein 5',410,12),(29,'A0A5F9ZHK1','A0A5F9ZHK1_HUMAN','Chloride intracellular channel protein 5',219,NULL),(30,'A0A2R8Y4M1','A0A2R8Y4M1_HUMAN','Chloride intracellular channel protein 5',200,NULL),(31,'A0A2R8Y615','A0A2R8Y615_HUMAN','Chloride intracellular channel protein',242,NULL),(32,'Q03692','COAA1_HUMAN','Collagen alpha-1(X) chain',680,NULL),(33,'A0A087WSY5','A0A087WSY5_HUMAN','Carboxypeptidase B2',386,NULL),(34,'A0A6Q8PHS9','A0A6Q8PHS9_HUMAN','Carboxypeptidase B2',207,NULL),(35,'Q96IY4','CBPB2_HUMAN','Carboxypeptidase B2 (EC 3.4.17.20) (Carboxypeptidase U) (CPU) (Plasma carboxypeptidase B) (pCPB) (Thrombin-activable fibrinolysis inhibitor) (TAFI)',423,13),(36,'A0A0C4DFP6','A0A0C4DFP6_HUMAN','Cartilage acidic protein 1',637,NULL),(37,'Q9NQ79','CRAC1_HUMAN','Cartilage acidic protein 1 (68 kDa chondrocyte-expressed protein) (CEP-68) (ASPIC)',661,14),(38,'P09919','CSF3_HUMAN','Granulocyte colony-stimulating factor (G-CSF) (Pluripoietin) (Filgrastim) (Lenograstim)',207,NULL),(39,'J3KTH8','J3KTH8_HUMAN','Granulocyte colony-stimulating factor',164,NULL),(40,'Q8N4W3','Q8N4W3_HUMAN','Granulocyte colony-stimulating factor',200,NULL),(41,'E7EVQ5','E7EVQ5_HUMAN','Collagen triple helix repeat-containing protein 1',147,NULL),(42,'Q96CG8','CTHR1_HUMAN','Collagen triple helix repeat-containing protein 1',243,15),(43,'E5RK99','E5RK99_HUMAN','Collagen triple helix repeat-containing protein 1',113,NULL),(44,'P05177','CP1A2_HUMAN','Cytochrome P450 1A2 (EC 1.14.14.1) (CYPIA2) (Cholesterol 25-hydroxylase) (Cytochrome P(3)450) (Cytochrome P450 4) (Cytochrome P450-P3) (Hydroperoxy icosatetraenoate dehydratase) (EC 4.2.1.152)',516,16),(45,'Q07973','CP24A_HUMAN','1,25-dihydroxyvitamin D(3) 24-hydroxylase, mitochondrial (24-OHase) (Vitamin D(3) 24-hydroxylase) (EC 1.14.15.16) (Cytochrome P450 24A1) (Cytochrome P450-CC24)',514,NULL),(46,'Q15398','DLGP5_HUMAN','Disks large-associated protein 5 (DAP-5) (Discs large homolog 7) (Disks large-associated protein DLG7) (Hepatoma up-regulated protein) (HURP)',846,17),(47,'Q9NRD9','DUOX1_HUMAN','Dual oxidase 1 (EC 1.11.1.-) (EC 1.6.3.1) (Large NOX 1) (Long NOX 1) (NADPH thyroid oxidase 1) (Thyroid oxidase 1)',1551,18),(48,'Q05639','EF1A2_HUMAN','Elongation factor 1-alpha 2 (EF-1-alpha-2) (Eukaryotic elongation factor 1 A-2) (eEF1A-2) (Statin-S1)',463,19),(49,'Q5MY95','ENTP8_HUMAN','Ectonucleoside triphosphate diphosphohydrolase 8 (E-NTPDase 8) (NTPDase 8) (NTPDase8) (EC 3.6.1.5)',495,NULL),(50,'P03951','FA11_HUMAN','Coagulation factor XI (FXI) (EC 3.4.21.27) (Plasma thromboplastin antecedent) (PTA) [Cleaved into: Coagulation factor XIa heavy chain; Coagulation factor XIa light chain]',625,20),(51,'D6RB32','D6RB32_HUMAN','Coagulation factor XI',162,NULL),(52,'P15090','FABP4_HUMAN','Fatty acid-binding protein, adipocyte (Adipocyte lipid-binding protein) (ALBP) (Adipocyte-type fatty acid-binding protein) (A-FABP) (AFABP) (Fatty acid-binding protein 4)',132,NULL),(53,'Q86UY5','FA83A_HUMAN','Protein FAM83A (Tumor antigen BJ-TSA-9) (Tumor-specific gene expressed in prostate protein)',434,NULL),(54,'D6REL8','D6REL8_HUMAN','Fibrinogen beta chain',272,NULL),(55,'P02675','FIBB_HUMAN','Fibrinogen beta chain [Cleaved into: Fibrinopeptide B; Fibrinogen beta chain]',491,21),(56,'Q9BYJ0','FGFP2_HUMAN','Fibroblast growth factor-binding protein 2 (FGF-BP2) (FGF-binding protein 2) (FGFBP-2) (37 kDa killer-specific secretory protein) (Ksp37) (HBp17-related protein) (HBp17-RP)',223,22),(57,'Q08830','FGL1_HUMAN','Fibrinogen-like protein 1 (HP-041) (Hepassocin) (HPS) (Hepatocyte-derived fibrinogen-related protein 1) (HFREP-1) (Liver fibrinogen-related protein 1) (LFIRE-1)',312,23),(58,'P41439','FOLR3_HUMAN','Folate receptor gamma (FR-gamma) (Folate receptor 3)',245,24),(59,'A0A452Q700','A0A452Q700_HUMAN','Folate receptor gamma',104,NULL),(60,'P53539','FOSB_HUMAN','Protein fosB (G0/G1 switch regulatory protein 3)',338,NULL),(61,'K7ERZ8','K7ERZ8_HUMAN','Protein fosB',188,NULL),(62,'K7EJ89','K7EJ89_HUMAN','Protein fosB',177,NULL),(63,'K7EKC1','K7EKC1_HUMAN','Protein fosB',237,NULL),(64,'O95395','GCNT3_HUMAN','Beta-1,3-galactosyl-O-glycosyl-glycoprotein beta-1,6-N-acetylglucosaminyltransferase 3 (EC 2.4.1.102) (EC 2.4.1.148) (EC 2.4.1.150) (C2GnT-mucin type) (C2GnT-M) (hC2GnT-M) (Core 2/core 4 beta-1,6-N-acetylglucosaminyltransferase) (C2/4GnT)',438,25),(65,'P55107','GDF10_HUMAN','Growth/differentiation factor 10 (GDF-10) (Bone morphogenetic protein 3B) (BMP-3B) (Bone-inducing protein) (BIP)',478,26),(66,'P29033','CXB2_HUMAN','Gap junction beta-2 protein (Connexin-26) (Cx26)',226,NULL),(67,'P21695','GPDA_HUMAN','Glycerol-3-phosphate dehydrogenase [NAD(+)], cytoplasmic (GPD-C) (GPDH-C) (EC 1.1.1.8)',349,27),(68,'Q8IV16','HDBP1_HUMAN','Glycosylphosphatidylinositol-anchored high density lipoprotein-binding protein 1 (GPI-HBP1) (GPI-anchored HDL-binding protein 1) (High density lipoprotein-binding protein 1)',184,NULL),(69,'G3V1N2','G3V1N2_HUMAN','HCG1745306, isoform CRA_a (Hemoglobin subunit alpha)',110,NULL),(70,'P69905','HBA_HUMAN','Hemoglobin subunit alpha (Alpha-globin) (Hemoglobin alpha chain)',142,28),(71,'Q96QV1','HHIP_HUMAN','Hedgehog-interacting protein (HHIP) (HIP)',700,29),(72,'P46098','5HT3A_HUMAN','5-hydroxytryptamine receptor 3A (5-HT3-A) (5-HT3A) (5-hydroxytryptamine receptor 3) (5-HT-3) (5-HT3R) (Serotonin receptor 3A) (Serotonin-gated ion channel receptor)',478,30),(73,'O95050','INMT_HUMAN','Indolethylamine N-methyltransferase (Indolamine N-methyltransferase) (EC 2.1.1.49) (EC 2.1.1.96) (Aromatic alkylamine N-methyltransferase) (Amine N-methyltransferase) (Arylamine N-methyltransferase) (Thioether S-methyltransferase) (TEMT)',263,31),(74,'P23677','IP3KA_HUMAN','Inositol-trisphosphate 3-kinase A (EC 2.7.1.127) (Inositol 1,4,5-trisphosphate 3-kinase A) (IP3 3-kinase A) (IP3K A) (InsP 3-kinase A)',461,NULL),(75,'P22459','KCNA4_HUMAN','Potassium voltage-gated channel subfamily A member 4 (HPCN2) (Voltage-gated K(+) channel HuKII) (Voltage-gated potassium channel HBK4) (Voltage-gated potassium channel HK1) (Voltage-gated potassium channel subunit Kv1.4)',653,32),(76,'Q6ZU52','K0408_HUMAN','Uncharacterized protein KIAA0408',694,NULL),(77,'O95239','KIF4A_HUMAN','Chromosome-associated kinesin KIF4A (Chromokinesin-A)',1232,33),(78,'P08779','K1C16_HUMAN','Keratin, type I cytoskeletal 16 (Cytokeratin-16) (CK-16) (Keratin-16) (K16)',473,34),(79,'P19013','K2C4_HUMAN','Keratin, type II cytoskeletal 4 (Cytokeratin-4) (CK-4) (Keratin-4) (K4) (Type-II keratin Kb4)',520,35),(80,'Q8N145','LGI3_HUMAN','Leucine-rich repeat LGI family member 3 (LGI1-like protein 4) (Leucine-rich glioma-inactivated protein 3)',548,36),(81,'Q1X8D7','LRC36_HUMAN','Leucine-rich repeat-containing protein 36 (ROR gamma-binding protein 70)',754,NULL),(82,'P31152','MK04_HUMAN','Mitogen-activated protein kinase 4 (MAP kinase 4) (MAPK 4) (EC 2.7.11.24) (Extracellular signal-regulated kinase 4) (ERK-4) (MAP kinase isoform p63) (p63-MAPK)',587,37),(83,'K7EN18','K7EN18_HUMAN','Mitogen-activated protein kinase (EC 2.7.11.24)',281,NULL),(84,'B4DEW2','B4DEW2_HUMAN','Mitogen-activated protein kinase (EC 2.7.11.24)',376,NULL),(85,'K7ELV1','K7ELV1_HUMAN','Mitogen-activated protein kinase (EC 2.7.11.24)',233,NULL),(86,'Q14680','MELK_HUMAN','Maternal embryonic leucine zipper kinase (hMELK) (EC 2.7.11.1) (Protein kinase Eg3) (pEg3 kinase) (Protein kinase PK38) (hPK38) (Tyrosine-protein kinase MELK) (EC 2.7.10.2)',651,38),(87,'P03956','MMP1_HUMAN','Interstitial collagenase (EC 3.4.24.7) (Fibroblast collagenase) (Matrix metalloproteinase-1) (MMP-1) [Cleaved into: 22 kDa interstitial collagenase; 27 kDa interstitial collagenase]',469,NULL),(88,'P39900','MMP12_HUMAN','Macrophage metalloelastase (MME) (EC 3.4.24.65) (Macrophage elastase) (ME) (hME) (Matrix metalloproteinase-12) (MMP-12)',470,39),(89,'P45452','MMP13_HUMAN','Collagenase 3 (EC 3.4.24.-) (Matrix metalloproteinase-13) (MMP-13)',471,40),(90,'G5E971','G5E971_HUMAN','Collagenase 3 (Matrix metalloproteinase-13)',489,NULL),(91,'Q7Z5M0','Q7Z5M0_HUMAN','Collagenase 3 (Matrix metalloproteinase-13)',383,NULL),(92,'P10244','MYBB_HUMAN','Myb-related protein B (B-Myb) (Myb-like protein 2)',700,NULL),(93,'Q8N987','NECA1_HUMAN','N-terminal EF-hand calcium-binding protein 1 (EF-hand calcium-binding protein 1) (Neuronal calcium-binding protein 1)',351,41),(94,'D6RBC9','D6RBC9_HUMAN','Neuromedin U, isoform CRA_a (Neuromedin-U)',147,NULL),(95,'A0A0B4J202','A0A0B4J202_HUMAN','Neuromedin-U',158,NULL),(96,'E9PDJ7','E9PDJ7_HUMAN','Neuromedin-U',149,NULL),(97,'P48645','NMU_HUMAN','Neuromedin-U [Cleaved into: Neuromedin precursor-related peptide 36 (NURP36); Neuromedin precursor-related peptide 33 (NURP33); Neuromedin-U-25 (NmU-25)]',174,42),(98,'Q9H4D5','NXF3_HUMAN','Nuclear RNA export factor 3 (TAP-like protein 3) (TAPL-3)',531,43),(99,'A1E959','ODAM_HUMAN','Odontogenic ameloblast-associated protein (Apin)',279,44),(100,'P09466','PAEP_HUMAN','Glycodelin (GD) (Placental protein 14) (PP14) (Pregnancy-associated endometrial alpha-2 globulin) (PAEG) (PEG) (Progestagen-associated endometrial protein) (Progesterone-associated endometrial protein) (Zona-binding inhibitory factor-1) (ZIF-1)',180,45),(101,'A6XNE0','A6XNE0_HUMAN','Glycodelin',143,NULL),(102,'A2A3E8','A2A3E8_HUMAN','Protocadherin-15',1932,NULL),(103,'A2A3E5','A2A3E5_HUMAN','Protocadherin-15',719,NULL),(104,'Q96QU1','PCD15_HUMAN','Protocadherin-15',1955,46),(105,'A0A087WZN9','A0A087WZN9_HUMAN','Protocadherin-15',1790,NULL),(106,'A0A2R8Y6C0','A0A2R8Y6C0_HUMAN','Protocadherin-15',1740,NULL),(107,'A9Z1W1','A9Z1W1_HUMAN','Protocadherin-15',1677,NULL),(108,'A2A3E6','A2A3E6_HUMAN','Protocadherin-15',1952,NULL),(109,'A2A3E4','A2A3E4_HUMAN','Protocadherin-15',981,NULL),(110,'A0A087WX70','A0A087WX70_HUMAN','Protocadherin-15',416,NULL),(111,'E7EM53','E7EM53_HUMAN','Protocadherin-15',1886,NULL),(112,'A2A3E1','A2A3E1_HUMAN','Protocadherin-15',650,NULL),(113,'A0A087WTR6','A0A087WTR6_HUMAN','Protocadherin-15',1539,NULL),(114,'A2A3D8','A2A3D8_HUMAN','Protocadherin-15',1962,NULL),(115,'B7ZBT8','B7ZBT8_HUMAN','Protocadherin-15',1150,NULL),(116,'A0A087X1T6','A0A087X1T6_HUMAN','Protocadherin-15',1682,NULL),(117,'A2A3E7','A2A3E7_HUMAN','Protocadherin-15',1957,NULL),(118,'Q96S96','PEBP4_HUMAN','Phosphatidylethanolamine-binding protein 4 (PEBP-4) (hPEBP4) (Protein cousin-of-RKIP 1)',227,NULL),(119,'P20142','PEPC_HUMAN','Gastricsin (EC 3.4.23.3) (Pepsinogen C)',388,NULL),(120,'Q6UXB8','PI16_HUMAN','Peptidase inhibitor 16 (PI-16) (Cysteine-rich secretory protein 9) (CRISP-9) (PSP94-binding protein) (CD antigen CD364)',463,47),(121,'P78337','PITX1_HUMAN','Pituitary homeobox 1 (Hindlimb-expressed homeobox protein backfoot) (Homeobox protein PITX1) (Paired-like homeodomain transcription factor 1)',314,NULL),(122,'F8W062','F8W062_HUMAN','Phospholipase A2 (EC 3.1.1.4)',119,NULL),(123,'Q9BS22','Q9BS22_HUMAN','Phospholipase A2 (EC 3.1.1.4)',70,NULL),(124,'P04054','PA21B_HUMAN','Phospholipase A2 (EC 3.1.1.4) (Group IB phospholipase A2) (Phosphatidylcholine 2-acylhydrolase 1B)',148,48),(125,'E9PAT1','E9PAT1_HUMAN','Protein phosphatase 1 regulatory subunit 14D',200,NULL),(126,'Q9NXH3','PP14D_HUMAN','Protein phosphatase 1 regulatory subunit 14D (Gastrointestinal and brain-specific PP1-inhibitory protein 1) (GBPI-1)',145,49),(127,'A0A087WZU1','A0A087WZU1_HUMAN','Protein-tyrosine-phosphatase (EC 3.1.3.48)',2299,NULL),(128,'A0A087X0B9','A0A087X0B9_HUMAN','Protein-tyrosine-phosphatase (EC 3.1.3.48)',2332,NULL),(129,'Q9HD89','RETN_HUMAN','Resistin (Adipose tissue-specific secretory factor) (ADSF) (C/EBP-epsilon-regulated myeloid-specific secreted cysteine-rich protein) (Cysteine-rich secreted protein A12-alpha-like 2) (Cysteine-rich secreted protein FIZZ3)',108,50),(130,'O15537','XLRS1_HUMAN','Retinoschisin (X-linked juvenile retinoschisis protein)',224,51),(131,'Q6UXX9','RSPO2_HUMAN','R-spondin-2 (Roof plate-specific spondin-2) (hRspo2)',243,NULL),(132,'Q5SVY4','Q5SVY4_HUMAN','Rhotekin-2',308,NULL),(133,'Q8IZC4','RTKN2_HUMAN','Rhotekin-2 (Pleckstrin homology domain-containing family K member 1) (PH domain-containing family K member 1)',609,52),(134,'Q9HBX9','RXFP1_HUMAN','Relaxin receptor 1 (Leucine-rich repeat-containing G-protein coupled receptor 7) (Relaxin family peptide receptor 1)',757,53),(135,'B4DGP2','B4DGP2_HUMAN','Relaxin receptor 1 (cDNA FLJ53318, highly similar to Relaxin receptor 1)',784,NULL),(136,'A0A0A0MT52','A0A0A0MT52_HUMAN','Relaxin receptor 1',601,NULL),(137,'E9PCA3','E9PCA3_HUMAN','Relaxin receptor 1',676,NULL),(138,'A0A087WWV0','A0A087WWV0_HUMAN','Relaxin receptor 1',626,NULL),(139,'E9PN95','E9PN95_HUMAN','Secretoglobin family 1A member 1 (Uteroglobin)',56,NULL),(140,'P11684','UTER_HUMAN','Uteroglobin (Clara cell phospholipid-binding protein) (CCPBP) (Clara cells 10 kDa secretory protein) (CC10) (Secretoglobin family 1A member 1) (Urinary protein 1) (UP-1) (UP1) (Urine protein 1)',91,54),(141,'Q9UDX4','S14L3_HUMAN','SEC14-like protein 3 (Tocopherol-associated protein 2)',400,NULL),(142,'B5MC44','B5MC44_HUMAN','SEC14-like protein 3',353,NULL),(143,'Q5T4F7','SFRP5_HUMAN','Secreted frizzled-related protein 5 (sFRP-5) (Frizzled-related protein 1b) (FRP-1b) (Secreted apoptosis-related protein 3) (SARP-3)',317,55),(144,'P35247','SFTPD_HUMAN','Pulmonary surfactant-associated protein D (PSP-D) (SP-D) (Collectin-7) (Lung surfactant protein D)',375,56),(145,'Q13326','SGCG_HUMAN','Gamma-sarcoglycan (Gamma-SG) (35 kDa dystrophin-associated glycoprotein) (35DAG)',291,57),(146,'Q99962','SH3G2_HUMAN','Endophilin-A1 (EEN-B1) (Endophilin-1) (SH3 domain protein 2A) (SH3 domain-containing GRB2-like protein 2)',352,58),(147,'Q99963','SH3G3_HUMAN','Endophilin-A3 (EEN-B2) (Endophilin-3) (SH3 domain protein 2C) (SH3 domain-containing GRB2-like protein 3)',347,59),(148,'Q6X4U4','SOSD1_HUMAN','Sclerostin domain-containing protein 1 (Ectodermal BMP inhibitor) (Ectodin) (Uterine sensitization-associated gene 1 protein) (USAG-1)',206,60),(149,'D6RIU5','D6RIU5_HUMAN','Serine protease inhibitor Kazal-type 1',65,NULL),(150,'P00995','ISK1_HUMAN','Serine protease inhibitor Kazal-type 1 (Pancreatic secretory trypsin inhibitor) (Tumor-associated trypsin inhibitor) (TATI)',79,NULL),(151,'P61647','SIA8F_HUMAN','Alpha-2,8-sialyltransferase 8F (EC 2.4.99.-) (Sialyltransferase 8F) (SIAT8-F) (Sialyltransferase St8Sia VI) (ST8SiaVI)',398,NULL),(152,'Q8NFX7','STXB6_HUMAN','Syntaxin-binding protein 6 (Amisyn)',210,61),(153,'Q8IV01','SYT12_HUMAN','Synaptotagmin-12 (Synaptotagmin XII) (SytXII)',421,NULL),(154,'X6R8R1','X6R8R1_HUMAN','Synaptotagmin-15',474,NULL),(155,'Q9BQS2','SYT15_HUMAN','Synaptotagmin-15 (Chr10Syt) (Synaptotagmin XV) (SytXV)',421,NULL),(156,'O43680','TCF21_HUMAN','Transcription factor 21 (TCF-21) (Capsulin) (Class A basic helix-loop-helix protein 23) (bHLHa23) (Epicardin) (Podocyte-expressed 1) (Pod-1)',179,NULL),(157,'Q9NV29','TM100_HUMAN','Transmembrane protein 100',134,62),(158,'Q9NRS4','TMPS4_HUMAN','Transmembrane protease serine 4 (EC 3.4.21.-) (Channel-activating protease 2) (CAPH2) (Membrane-type serine protease 2) (MT-SP2) [Cleaved into: Transmembrane protease serine 4 catalytic chain]',437,63),(159,'A0A087WTU6','A0A087WTU6_HUMAN','Transmembrane protease serine 4',399,NULL),(160,'E7ESG9','E7ESG9_HUMAN','Transmembrane protease serine 4',290,NULL),(161,'P11388','TOP2A_HUMAN','DNA topoisomerase 2-alpha (EC 5.6.2.2) (DNA topoisomerase II, alpha isozyme)',1531,64),(162,'F8W1U0','F8W1U0_HUMAN','Tastin',457,NULL),(163,'Q12815','TROAP_HUMAN','Tastin (Trophinin-assisting protein) (Trophinin-associated protein)',778,65),(164,'F8W130','F8W130_HUMAN','Tastin',868,NULL),(165,'F8VVX4','F8VVX4_HUMAN','Tastin',68,NULL),(166,'F8VXF3','F8VXF3_HUMAN','Tastin',126,NULL),(167,'F8VXV6','F8VXV6_HUMAN','Tastin',52,NULL),(168,'K4DI81','K4DI81_HUMAN','Ubiquitin-conjugating enzyme E2 C (Ubiquitin-conjugating enzyme E2C, isoform CRA_d)',50,NULL),(169,'O00762','UBE2C_HUMAN','Ubiquitin-conjugating enzyme E2 C (EC 2.3.2.23) ((E3-independent) E2 ubiquitin-conjugating enzyme C) (EC 2.3.2.24) (E2 ubiquitin-conjugating enzyme C) (UbcH10) (Ubiquitin carrier protein C) (Ubiquitin-protein ligase C)',179,NULL),(170,'A0A0A0MSE8','A0A0A0MSE8_HUMAN','Ubiquitin-conjugating enzyme E2 C',79,NULL),(171,'A0A087WVK1','A0A087WVK1_HUMAN','Ubiquitin-conjugating enzyme E2 C',132,NULL),(172,'Q9BT76','UPK3B_HUMAN','Uroplakin-3b (UP3b) (Uroplakin IIIb) (UPIIIb) (p35)',320,NULL),(173,'A0A0J9YVS6','A0A0J9YVS6_HUMAN','Uroplakin-3b',265,NULL),(174,'Q9Y5W5','WIF1_HUMAN','Wnt inhibitory factor 1 (WIF-1)',379,NULL);
/*!40000 ALTER TABLE `protein` ENABLE KEYS */;
UNLOCK TABLES;

--
-- Table structure for table `protein_mutation`
--

DROP TABLE IF EXISTS `protein_mutation`;
/*!40101 SET @saved_cs_client     = @@character_set_client */;
/*!50503 SET character_set_client = utf8mb4 */;
CREATE TABLE `protein_mutation` (
  `mutation_id` int NOT NULL,
  `prot_id` int NOT NULL,
  `mutation` text,
  PRIMARY KEY (`mutation_id`,`prot_id`),
  KEY `protein_mutation_protein_protein_id_fk` (`prot_id`),
  CONSTRAINT `protein_mutation_protein_protein_id_fk` FOREIGN KEY (`prot_id`) REFERENCES `protein` (`prot_id`)
) ENGINE=InnoDB DEFAULT CHARSET=utf8mb4 COLLATE=utf8mb4_0900_ai_ci;
/*!40101 SET character_set_client = @saved_cs_client */;

--
-- Dumping data for table `protein_mutation`
--

LOCK TABLES `protein_mutation` WRITE;
/*!40000 ALTER TABLE `protein_mutation` DISABLE KEYS */;
INSERT INTO `protein_mutation` VALUES (1,3,'A80T'),(2,3,'F881L'),(3,7,'R48H'),(4,7,'T60S'),(5,7,'R370C'),(6,7,'N57K'),(7,8,'A26V'),(8,8,'S49G'),(9,8,'S475A'),(10,8,'E474K'),(11,8,'H405Y'),(12,8,'R399H'),(13,8,'K476A'),(14,8,'E474A'),(15,8,'S475T'),(16,8,'V477A'),(17,8,'R389G'),(18,8,'R31Q'),(19,8,'A29T'),(20,8,'S475D'),(21,8,'R389L'),(22,8,'A187V'),(23,9,'R248K'),(24,9,'I337V'),(25,9,'R324Q'),(26,9,'Y231H'),(27,9,'G21V'),(28,9,'C268W'),(29,10,'P87S'),(30,10,'N313D'),(31,10,'M286T'),(32,10,'K125L'),(33,10,'V301L'),(34,10,'C299S'),(35,11,'T116M'),(36,13,'S6A'),(37,13,'G177A'),(38,16,'I317F'),(39,16,'R328H'),(40,18,'A48T'),(41,19,'G511R'),(42,21,'V237L'),(43,21,'R69H'),(44,21,'R219S'),(45,21,'N177K'),(46,21,'R14W'),(47,21,'S284F'),(48,21,'A12T'),(49,23,'Q326R'),(50,23,'V33M'),(51,24,'S129V'),(52,24,'S78N'),(53,24,'S14N'),(54,24,'R70C'),(55,24,'T130A'),(56,24,'E352K'),(57,24,'G297R'),(58,24,'S191A'),(59,24,'K359E'),(60,24,'S191D'),(61,26,'P496L'),(62,26,'P463L'),(63,26,'R554W'),(64,26,'V81I'),(65,26,'Q68R'),(66,26,'424-567del in MGORS7'),(67,26,'V376M'),(68,26,'M356R'),(69,26,'S264Y'),(70,26,'E155G'),(71,26,'A298V'),(72,26,'P321T'),(73,26,'R157C'),(74,26,'D226G'),(75,26,'N76H'),(76,28,'T114A'),(77,28,'P257H'),(78,32,'G545R'),(79,32,'Y597H'),(80,32,'Y582D'),(81,32,'G595E'),(82,32,'Y597C'),(83,32,'Q653P'),(84,32,'G595R'),(85,32,'Y598D'),(86,32,'C591R'),(87,32,'V603M'),(88,32,'S600P'),(89,32,'N617K'),(90,32,'L644R'),(91,32,'D648G'),(92,32,'W651R'),(93,32,'G98R'),(94,32,'M27T'),(95,32,'R198H'),(96,32,'G18R'),(97,32,'G618V'),(98,32,'S671P'),(99,32,'G18E'),(100,32,'L614P'),(101,35,'A169T'),(102,35,'I347T'),(103,37,'A253T'),(104,37,'V569M'),(105,37,'E658K'),(106,38,'L157M'),(107,38,'A174T'),(108,42,'Q44P'),(109,44,'I314V'),(110,44,'S212C'),(111,44,'S298R'),(112,44,'R431W'),(113,44,'E168Q'),(114,44,'R281W'),(115,44,'C406Y'),(116,44,'R456H'),(117,44,'D104N'),(118,44,'G299S'),(119,44,'F205V'),(120,44,'F186L'),(121,44,'D348N'),(122,44,'L111F'),(123,44,'T438I'),(124,44,'R457W'),(125,44,'G73R'),(126,44,'F21L'),(127,44,'I386F'),(128,44,'T83M'),(129,44,'R377Q'),(130,44,'S18C'),(131,44,'P42R'),(132,45,'L409S'),(133,45,'R396W'),(134,45,'143-144del in HCINF1'),(135,45,'R157Q'),(136,45,'E322K'),(137,45,'R159Q'),(138,45,'M374T'),(139,46,'E753Q'),(140,46,'T469I'),(141,46,'G69E'),(142,46,'Q324H'),(143,47,'C1026R'),(144,47,'L1178F'),(145,47,'I962T'),(146,48,'K165A'),(147,48,'D252H'),(148,48,'K36R'),(149,48,'E122K'),(150,48,'A92T'),(151,48,'G70S'),(151,130,'G70S'),(152,49,'E428K'),(153,49,'L62P'),(154,50,'A63V'),(155,50,'H53Q'),(156,50,'I481S'),(157,50,'K101R'),(158,50,'C255Y'),(159,50,'S594R'),(160,50,'S503P'),(161,50,'E597K'),(162,50,'E565K'),(163,50,'I454K'),(164,50,'T493I'),(165,50,'C46F'),(166,50,'A43T'),(167,50,'R252T'),(168,50,'Y511H'),(169,50,'T51P'),(170,50,'S575L'),(171,50,'G32R'),(172,50,'P66L'),(173,50,'C56R'),(174,50,'T51I'),(175,50,'D222Y'),(176,50,'F301L'),(177,50,'Y608H'),(178,50,'D216N'),(179,50,'H552R'),(180,50,'R228Q'),(181,50,'W246C'),(182,50,'W587S'),(183,50,'G277D'),(184,50,'W399R'),(185,50,'F30S'),(186,50,'D34H'),(187,50,'D506G'),(188,50,'C140Y'),(189,50,'F460V'),(190,50,'A430V'),(191,50,'Q244R'),(192,50,'E543K'),(193,50,'Y151C'),(194,50,'F241L'),(195,50,'W401R'),(196,50,'S276C'),(197,50,'L360P'),(198,50,'V403M'),(199,50,'T404N'),(200,50,'I308F'),(201,50,'I618S'),(202,50,'G418V'),(203,50,'D526E'),(204,50,'P538L'),(205,50,'S266N'),(206,50,'G263E'),(207,50,'C339F'),(208,50,'A109T'),(209,50,'K270I'),(210,50,'T331I'),(211,50,'C514F'),(212,50,'E315K'),(213,50,'T322I'),(214,50,'L320P'),(215,50,'R326C'),(216,50,'E341K'),(217,52,'E23D'),(218,53,'A237T'),(219,55,'A365T'),(220,55,'P265L'),(221,55,'K2E'),(222,55,'R196C'),(223,55,'T407K'),(224,55,'G430D'),(225,55,'G45R'),(226,55,'P100S'),(227,55,'L383R'),(228,55,'39-103del in New York-1'),(229,55,'C95R'),(230,55,'R74C'),(231,55,'R44C'),(232,55,'L202Q'),(233,55,'R478K'),(234,55,'A98T'),(235,55,'N170H'),(235,153,'N170H'),(236,56,'P90S'),(237,56,'F84L'),(238,56,'S28N'),(239,57,'I72V'),(240,57,'W256L'),(241,57,'M114V'),(242,57,'Y111H'),(243,57,'T15I'),(244,57,'P105L'),(245,57,'Y140F'),(246,57,'T121S'),(247,58,'107-246del'),(248,60,'G33S'),(249,66,'T86R'),(250,66,'V95M'),(251,66,'R184W'),(252,66,'D179N'),(253,66,'M93I'),(254,66,'V84M'),(255,66,'G59A'),(256,66,'R143Q'),(257,66,'L90P'),(258,66,'R184P'),(259,66,'I111T'),(260,66,'S113R'),(261,66,'R75W'),(262,66,'G59S'),(263,66,'F191L'),(264,66,'R75Q'),(265,66,'R143W'),(266,66,'I71T'),(267,66,'D66H'),(268,66,'G130V'),(269,66,'I203T'),(270,66,'E114G'),(271,66,'R184Q'),(272,66,'I203K'),(273,66,'W77R'),(274,66,'H73R'),(274,70,'H73R'),(275,66,'142-143del'),(276,66,'C202F'),(277,66,'A148P'),(278,66,'D117H'),(279,66,'F83L'),(280,66,'118-119del in DFNB1A'),(281,66,'V84L'),(282,66,'24-227del in DFNB1A'),(283,66,'120-121del in DFNB1A'),(284,66,'G45E'),(285,66,'S17F'),(286,66,'G160S'),(287,66,'A197S'),(288,66,'V167M'),(289,66,'2-11del'),(290,66,'2-8del'),(291,66,'D46E'),(292,66,'Q80K'),(293,66,'R165W'),(294,66,'N54K'),(295,66,'V178A'),(296,66,'L214P'),(297,66,'D159V'),(298,66,'K168R'),(299,66,'G12R'),(300,66,'L79P'),(301,66,'D50Y'),(302,66,'C169Y'),(303,66,'V153I'),(304,66,'DEQ46E'),(305,66,'D50N'),(306,66,'T123N'),(307,66,'W44S'),(308,66,'W44C'),(309,66,'R32L'),(310,66,'M34A'),(311,66,'G130A'),(312,66,'E129K'),(313,66,'R127H'),(314,66,'G130D'),(315,66,'M34T'),(316,66,'R32H'),(317,66,'V27I'),(318,66,'V37I'),(319,67,'R229P'),(320,67,'T223I'),(321,67,'E124K'),(322,67,'A113P'),(323,67,'V197A'),(324,67,'I54V'),(325,68,'T108A'),(326,68,'Y38F'),(327,68,'W109C'),(328,68,'T108R'),(329,68,'C65Y'),(330,68,'T105A'),(331,68,'G175R'),(332,68,'S107A'),(333,68,'W109S'),(334,68,'C14F'),(335,68,'T104A'),(336,68,'H106L'),(337,68,'G56R'),(338,68,'I93A'),(339,68,'G101S'),(340,68,'T91A'),(341,68,'S144F'),(342,68,'L92A'),(343,68,'C65S'),(344,68,'C83R'),(345,68,'C89F'),(346,68,'Q115K'),(347,68,'V126A'),(348,68,'C68Y'),(349,68,'Q115P'),(350,68,'L71A'),(351,68,'C68G'),(352,68,'Y66A'),(353,68,'C68R'),(354,70,'G60V'),(355,70,'G60D'),(356,70,'H59Y'),(357,70,'H59Q'),(358,70,'V63M'),(359,70,'L87R'),(360,70,'D86V'),(361,70,'R93Q'),(362,70,'P96T'),(363,70,'G52D'),(364,70,'A64D'),(365,70,'E31K'),(366,70,'Q55R'),(367,70,'S50R'),(368,70,'R32K'),(369,70,'A54D'),(370,70,'K62N'),(371,70,'63-64del in HBH'),(372,70,'D95Y'),(373,70,'K140T'),(374,70,'G52R'),(375,70,'R93W'),(376,70,'A72V'),(376,79,'A72V'),(377,70,'G58R'),(378,70,'A83D'),(379,70,'S85R'),(380,70,'A27V'),(381,70,'L35R'),(382,70,'K57R'),(383,70,'K62T'),(384,70,'61-62del in Clinic'),(385,70,'E28D'),(386,70,'A72E'),(387,70,'A111D'),(388,70,'H51R'),(389,70,'H113D'),(390,70,'D95A'),(391,70,'D75N'),(392,70,'D86Y'),(393,70,'R142P'),(394,70,'K57T'),(395,70,'K61N'),(396,70,'E28G'),(397,70,'E28V'),(398,70,'L92P'),(399,70,'D127V'),(400,70,'K128N'),(401,70,'K12E'),(402,70,'D75G'),(403,70,'S103R'),(404,70,'K100E'),(405,70,'N69K'),(406,70,'K41M'),(407,70,'A20D'),(408,70,'A13D'),(409,70,'H21Q'),(410,70,'H88R'),(411,70,'E24G'),(412,70,'A89S'),(413,70,'K91M'),(414,70,'D48H'),(415,70,'D48G'),(416,70,'D48A'),(417,70,'L49R'),(418,70,'A22D'),(419,70,'D65Y'),(420,70,'Y25H'),(421,70,'A116D'),(422,70,'E117EHLPAE'),(423,70,'R142L'),(424,70,'R142C'),(425,70,'A27E'),(426,70,'L137R'),(427,70,'H21R'),(428,70,'L137M'),(429,70,'A14P'),(430,70,'A22P'),(431,70,'P38PE'),(432,70,'D75A'),(433,70,'D48Y'),(434,70,'L110R'),(435,70,'G23D'),(436,70,'R32S'),(437,70,'D76H'),(438,70,'P45L'),(439,70,'H46R'),(440,70,'H46Q'),(441,70,'S82C'),(442,70,'L137P'),(443,70,'S139P'),(444,70,'P45R'),(445,70,'G16R'),(446,70,'K17N'),(447,70,'H88N'),(448,70,'L92F'),(449,70,'K140E'),(450,70,'W15R'),(451,70,'H104Y'),(452,70,'P38R'),(453,70,'T42S'),(454,70,'F44L'),(455,70,'A20E'),(456,70,'E117A'),(457,70,'F118FI'),(458,70,'P78R'),(459,70,'N79K'),(460,70,'L126P'),(461,70,'D127G'),(462,70,'D127Y'),(463,70,'N10T'),(464,70,'K8E'),(465,70,'D7A'),(466,70,'Y141H'),(467,70,'K17M'),(468,70,'G19R'),(469,70,'G19D'),(470,70,'P115S'),(471,70,'P115R'),(472,70,'D7N'),(473,70,'E24K'),(474,70,'P96A'),(475,70,'D7Y'),(476,70,'V136E'),(477,70,'H104R'),(478,70,'P115L'),(479,70,'L130P'),(480,70,'A131D'),(481,70,'S134R'),(482,70,'A6D'),(483,70,'D7V'),(484,70,'L114H'),(485,70,'N98K'),(486,70,'M77T'),(487,70,'V122M'),(488,70,'N79H'),(489,70,'A80G'),(490,70,'L81R'),(491,70,'D7G'),(492,70,'A131P'),(493,70,'M77K'),(494,70,'R142H'),(495,70,'A6P'),(496,70,'T119TEFT'),(497,70,'A121E'),(498,70,'V2E'),(499,70,'L3R'),(500,70,'H123Q'),(501,70,'L126R'),(502,70,'D76A'),(503,70,'S132P'),(504,71,'V341I'),(505,71,'M382A'),(506,71,'D383A'),(507,71,'E380A'),(508,71,'D387A'),(509,72,'R432Q'),(510,72,'R440A'),(511,72,'R344H'),(512,72,'R436D'),(513,72,'A33T'),(514,72,'R409Q'),(515,72,'W178S'),(516,72,'P391R'),(517,72,'S253N'),(518,73,'N246S'),(519,73,'D28N'),(520,73,'M205V'),(521,73,'R258H'),(522,73,'E219G'),(523,73,'F254C'),(524,73,'V214M'),(525,75,'R89Q'),(526,76,'S61R'),(527,76,'S331L'),(528,77,'L422W'),(529,77,'1086-1145del'),(530,77,'L1193S'),(531,77,'C1112A'),(532,77,'C1106A'),(533,77,'A491V'),(534,77,'C1110A'),(535,78,'130-131del in PC1'),(536,78,'L421P'),(537,78,'L128Q'),(538,78,'K354N'),(539,78,'104-108del'),(540,78,'N125G'),(541,78,'L124H'),(542,78,'L124P'),(543,78,'M121T'),(544,78,'L132P'),(545,78,'R127C'),(546,78,'Q122P'),(547,78,'N125S'),(548,78,'L124R'),(549,78,'R127P'),(550,78,'N125D'),(551,79,'T82TGGFGAGGFGAGFGT'),(552,79,'E435K'),(553,79,'E139EQ'),(554,80,'A524T'),(555,81,'G509S'),(556,81,'S744G'),(557,81,'R222P'),(558,82,'R371P'),(559,82,'V38M'),(560,86,'T466A'),(561,86,'T460M'),(562,86,'T387A'),(563,86,'T428A'),(564,86,'C169A'),(565,86,'T167A'),(566,86,'D150A'),(567,86,'C154A'),(568,86,'T478A'),(569,86,'C168A'),(570,86,'S171D'),(571,86,'R333K'),(572,86,'T460A'),(573,86,'T167D'),(574,86,'K219R'),(575,86,'T518A'),(576,86,'T56M'),(577,86,'T409A'),(578,86,'Y163F'),(579,86,'C29V'),(580,86,'T345A'),(581,86,'C339A'),(582,86,'C286A'),(583,86,'T348I'),(584,86,'C204A'),(585,86,'C89A'),(586,86,'T446A'),(587,86,'DDD283KKK'),(588,86,'C70V'),(589,86,'T415A'),(590,86,'S171A'),(591,87,'Q29P'),(592,87,'I191V'),(593,87,'R262S'),(594,87,'R405Q'),(595,87,'S406T'),(596,87,'Y360F'),(597,87,'D252G'),(598,88,'G469R'),(599,88,'N357S'),(600,89,'H2L'),(601,89,'H232N'),(602,89,'D390G'),(603,89,'E223A'),(604,89,'F74S'),(605,89,'W207G'),(606,89,'F75S'),(607,89,'M91T'),(608,92,'N341S'),(609,92,'I624M'),(610,92,'V595M'),(611,92,'S427G'),(612,97,'E79G'),(613,97,'F148L'),(614,98,'L302R'),(615,98,'L300R'),(616,98,'N186I'),(617,99,'I222T'),(618,99,'E269D'),(619,100,'Q126K'),(620,100,'L28V'),(621,104,'1576-1956del in DFNB23'),(622,104,'N174S'),(623,104,'G262D'),(624,104,'R1273S'),(625,104,'1867-1868del in USH1F'),(626,104,'S19A'),(627,104,'R929Q'),(628,104,'Q1342K'),(629,104,'D435A'),(630,104,'R134Q'),(631,104,'E1611A'),(632,104,'R134G'),(633,104,'G380S'),(634,104,'D178G'),(635,118,'K125E'),(636,118,'E211G'),(637,120,'L416V'),(638,120,'T50P'),(639,121,'G299A'),(640,121,'E130K'),(641,124,'D16A'),(642,124,'N89K'),(643,124,'N89T'),(644,126,'KK21EE'),(645,126,'T58E'),(646,126,'W25A'),(647,130,'T138A'),(648,130,'G70A'),(649,130,'A98E'),(650,130,'G140R'),(651,130,'E72D'),(652,130,'R197H'),(653,130,'R197C'),(654,130,'I199T'),(655,130,'E72G'),(656,130,'E72K'),(657,130,'85-86del in XLRS1'),(658,130,'S73P'),(659,130,'C223R'),(660,130,'W206C'),(661,130,'C59S'),(662,130,'K222N'),(663,130,'C219R'),(664,130,'G135V'),(665,130,'W96R'),(666,130,'C110Y'),(667,130,'G109W'),(668,130,'L103R'),(669,130,'R182C'),(670,130,'R102Q'),(671,130,'G140E'),(672,130,'R200C'),(673,130,'R156G'),(674,130,'Y65C'),(675,130,'Y89C'),(676,130,'P193S'),(677,130,'L13P'),(678,130,'L12H'),(679,130,'L216P'),(680,130,'G74V'),(681,130,'P192R'),(682,130,'R141C'),(683,130,'G178D'),(684,130,'P203L'),(685,130,'I136T'),(686,130,'E215K'),(687,130,'C219G'),(688,130,'E146K'),(689,130,'E215Q'),(690,130,'R141G'),(691,130,'G109E'),(692,130,'G109R'),(693,130,'H207Q'),(694,130,'R200H'),(695,130,'R209H'),(696,130,'P193L'),(697,130,'W163C'),(698,130,'E146D'),(699,130,'D145H'),(700,130,'W112C'),(701,130,'L127P'),(702,130,'F108C'),(703,130,'R209C'),(704,130,'R141H'),(705,130,'P192L'),(706,130,'Y155C'),(707,130,'D158N'),(708,130,'R102W'),(709,130,'D143V'),(710,130,'C142W'),(711,130,'L113F'),(712,130,'R213W'),(713,130,'P192S'),(714,130,'R213Q'),(715,131,'137-244del in TETAMS2'),(716,131,'R69C'),(717,131,'L186P'),(718,131,'70-244del in TETAMS2'),(719,131,'F109A'),(720,131,'F105A'),(721,133,'H462R'),(722,133,'K101T'),(723,134,'D637Y'),(724,140,'T68A'),(725,140,'R56G'),(726,141,'R364C'),(727,141,'R214H'),(728,141,'I103T'),(729,141,'D335E'),(730,143,'G7A'),(731,144,'S290T'),(732,144,'E309K'),(733,144,'T180A'),(734,144,'M31T'),(735,144,'L123V'),(736,145,'N287S'),(737,145,'C283Y'),(738,145,'G69R'),(739,145,'R116H'),(740,145,'G69D'),(741,145,'L71S'),(742,146,'A63S'),(743,146,'A66D'),(744,146,'F202W'),(745,146,'A66S'),(746,146,'A66W'),(747,146,'M70Q'),(748,148,'Q189H'),(749,150,'L12F'),(750,150,'N34S'),(751,150,'P55S'),(752,150,'L14P'),(753,150,'R67H'),(754,158,'R177Q'),(755,158,'K198E'),(756,158,'V208G'),(757,158,'S387A'),(758,158,'D290A'),(759,161,'KKK342AAA'),(760,161,'G1386D'),(761,161,'KKK342EEE'),(762,161,'S1469A'),(763,161,'D541A'),(764,161,'T1324K'),(765,161,'A1515S'),(766,161,'D543A'),(767,161,'R487K'),(768,161,'D545A'),(769,161,'R450Q'),(770,161,'E461A'),(771,169,'G25D'),(772,169,'C114S'),(773,172,'W319R'),(774,172,'Q293R');
/*!40000 ALTER TABLE `protein_mutation` ENABLE KEYS */;
UNLOCK TABLES;

--
-- Table structure for table `tissue`
--

DROP TABLE IF EXISTS `tissue`;
/*!40101 SET @saved_cs_client     = @@character_set_client */;
/*!50503 SET character_set_client = utf8mb4 */;
CREATE TABLE `tissue` (
  `tissue_id` int NOT NULL,
  `description` text,
  PRIMARY KEY (`tissue_id`)
) ENGINE=InnoDB DEFAULT CHARSET=utf8mb4 COLLATE=utf8mb4_0900_ai_ci;
/*!40101 SET character_set_client = @saved_cs_client */;

--
-- Dumping data for table `tissue`
--

LOCK TABLES `tissue` WRITE;
/*!40000 ALTER TABLE `tissue` DISABLE KEYS */;
INSERT INTO `tissue` VALUES (1,'TISSUE SPECIFICITY: Highly expressed in adult and fetal lung, lower expression in brain, placenta, heart, stomach and fetal brain and kidney.'),(2,'TISSUE SPECIFICITY: Detected in brain cortex (PubMed:1715695). Expressed in islet (PubMed:25403481). {ECO:0000269|PubMed:1715695, ECO:0000269|PubMed:25403481}.'),(3,'TISSUE SPECIFICITY: In adult, highly expressed in myometrium with lower levels in adrenal gland and fallopian tube. Expressed in the cerebellum. Very highly expressed in fetal kidney and intestine. {ECO:0000269|PubMed:12089445}.'),(4,'TISSUE SPECIFICITY: Found in many tissues. Highly expressed in small intestine, colon and adrenal gland. {ECO:0000269|PubMed:9565553}.'),(5,'TISSUE SPECIFICITY: Mainly expressed in activated vascular endothelial cells. To a lower extent, also expressed in hepatoma cells. {ECO:0000269|PubMed:15805281, ECO:0000269|PubMed:7730328}.'),(6,'TISSUE SPECIFICITY: Expressed in colon, jejunum, stomach, esophagus, placenta and trachea. {ECO:0000269|PubMed:11042166}.'),(7,'TISSUE SPECIFICITY: Present in stomach and colon (at protein level). Restricted in the stomach, colon and small intestine, where core 3 structure is present. {ECO:0000269|PubMed:15755813}.'),(8,'TISSUE SPECIFICITY: Widely expressed. Expressed at higher levels in testis and heart. Detected in craniofacial tissue and adult iris, but not in lymphocytes, fibroblasts, choroid retina, retinal pigment epithelium, kidney, or fetal liver.'),(9,'TISSUE SPECIFICITY: Expressed in the endothelium of the choriocapillaris in eyes (at protein level). Not expressed in the retinal epithelium at detectable levels. {ECO:0000269|PubMed:15563508}.'),(10,'TISSUE SPECIFICITY: Expressed primarily in carcinoma cells lines. Expression is restricted to very few normal tissues and the most abundant expression is found in the epithelial cells of gastric mucosa.'),(11,'TISSUE SPECIFICITY: Widely expressed, highest levels are found in adult testis and thymus and in fetal liver.'),(12,'TISSUE SPECIFICITY: Widely expressed in both fetal and adult human tissues (PubMed:24781754). Isoform 1 is expressed in renal glomeruli endothelial cells and podocytes (at protein level). {ECO:0000269|PubMed:20335315, ECO:0000269|PubMed:24781754}.'),(13,'TISSUE SPECIFICITY: Plasma; synthesized in the liver.'),(14,'TISSUE SPECIFICITY: Expressed in the interterritorial matrix of articular deep zone cartilage (at protein level). Isoform 1 and isoform 2 are expressed in brain. Isoform 1 is detected in lung and chondrocytes. Detected in cartilage, bone, cultured chondrocytes and lung, and at low levels in heart. Not detected in osteoblasts. {ECO:0000269|PubMed:11139377, ECO:0000269|PubMed:17074475}.'),(15,'TISSUE SPECIFICITY: Isoform 1 is expressed in calcified atherosclerotic plaque and chondrocyte-like cells. {ECO:0000269|PubMed:15618538}.'),(16,'TISSUE SPECIFICITY: Liver.'),(17,'TISSUE SPECIFICITY: Abundantly expressed in fetal liver. Expressed at lower levels in bone marrow, testis, colon, and placenta. {ECO:0000269|PubMed:12527899}.'),(18,'TISSUE SPECIFICITY: Expressed in thyrocytes and tracheal surface epithelial cells (at protein level). Expressed in thyroid, trachea, bronchium, and to a lower extent, in placenta, testis, prostate, pancreas and heart. {ECO:0000269|PubMed:10806195, ECO:0000269|PubMed:11514595, ECO:0000269|PubMed:12824283, ECO:0000269|PubMed:15210697}.'),(19,'TISSUE SPECIFICITY: Brain, heart, and skeletal muscle.'),(20,'TISSUE SPECIFICITY: Isoform 2 is produced by platelets and megakaryocytes but absent from other blood cells.'),(21,'TISSUE SPECIFICITY: Detected in blood plasma (at protein level). {ECO:0000269|PubMed:10074346, ECO:0000269|PubMed:19296670, ECO:0000269|PubMed:9628725}.'),(22,'TISSUE SPECIFICITY: Expressed in serum, peripheral leukocytes and cytotoxic T-lymphocytes, but not in granulocytes and monocytes (at protein level). {ECO:0000269|PubMed:11342666}.'),(23,'TISSUE SPECIFICITY: Under normal conditions, liver-specific. {ECO:0000269|PubMed:11470158}.'),(24,'TISSUE SPECIFICITY: Spleen, thymus, bone marrow, ovarian carcinoma, and uterine carcinoma.'),(25,'TISSUE SPECIFICITY: Primarily expressed in mucus-secreting tissues. Expressed in colon, kidney, small intestine, trachea, and stomach, where mucin is produced. {ECO:0000269|PubMed:17303715, ECO:0000269|PubMed:9915862}.'),(26,'TISSUE SPECIFICITY: Expressed in femur, brain, lung, skeletal muscle, pancreas and testis. {ECO:0000269|PubMed:8670277}.'),(27,'TISSUE SPECIFICITY: Expressed in liver (at protein level). {ECO:0000269|PubMed:7772607}.'),(28,'TISSUE SPECIFICITY: Red blood cells.'),(29,'TISSUE SPECIFICITY: Widely expressed in fetal and adult tissues. Highest expression in adult heart, liver and pancreas, and in fetal kidney. {ECO:0000269|PubMed:11435703, ECO:0000269|Ref.1}.'),(30,'TISSUE SPECIFICITY: Expressed in cerebral cortex, amygdala, hippocampus, and testis. Detected in monocytes of the spleen and tonsil, in small and large intestine, uterus, prostate, ovary and placenta. {ECO:0000269|PubMed:10521471}.'),(31,'TISSUE SPECIFICITY: Widely expressed. The highest levels were in thyroid, adrenal gland, adult and fetal lung. Intermediate levels in heart, placenta, skeletal muscle, testis, small intestine, pancreas, stomach, spinal cord, lymph node and trachea. Very low levels in adult and fetal kidney and liver, in adult spleen, thymus, ovary, colon and bone marrow. Not expressed in peripheral blood leukocytes and brain. {ECO:0000269|PubMed:10552930}.'),(32,'TISSUE SPECIFICITY: Expressed in brain, and at lower levels in the testis, lung, kidney, colon and heart (PubMed:27582084). Detected in heart ventricle. {ECO:0000269|PubMed:2001794, ECO:0000269|PubMed:27582084}.'),(33,'TISSUE SPECIFICITY: Highly expressed in hematopoietic tissues, fetal liver, spleen, thymus and adult thymus and bone marrow. Lower levels are found in heart, testis, kidney, colon and lung. {ECO:0000269|PubMed:10978527}.'),(34,'TISSUE SPECIFICITY: Expressed in the corneal epithelium (at protein level). {ECO:0000269|PubMed:26758872}.'),(35,'TISSUE SPECIFICITY: Detected in the suprabasal layer of the stratified epithelium of the esophagus, exocervix, vagina, mouth and lingual mucosa, and in cells and cell clusters in the mucosa and serous gland ducts of the esophageal submucosa (at protein level). Expressed widely in the exocervix and esophageal epithelium, with lowest levels detected in the basal cell layer. {ECO:0000269|PubMed:2452170}.'),(36,'TISSUE SPECIFICITY: Widely expressed, with highest levels in brain and lung. {ECO:0000269|PubMed:12023020}.'),(37,'TISSUE SPECIFICITY: High expression in heart and brain.'),(38,'TISSUE SPECIFICITY: Expressed in placenta, kidney, thymus, testis, ovary and intestine. {ECO:0000269|PubMed:8724849}.'),(39,'TISSUE SPECIFICITY: Found in alveolar macrophages but not in peripheral blood monocytes.'),(40,'TISSUE SPECIFICITY: Detected in fetal cartilage and calvaria, in chondrocytes of hypertrophic cartilage in vertebrae and in the dorsal end of ribs undergoing ossification, as well as in osteoblasts and periosteal cells below the inner periosteal region of ossified ribs. Detected in chondrocytes from in joint cartilage that have been treated with TNF and IL1B, but not in untreated chondrocytes. Detected in T lymphocytes. Detected in breast carcinoma tissue. {ECO:0000269|PubMed:8207000, ECO:0000269|PubMed:8798568, ECO:0000269|PubMed:9056642, ECO:0000269|PubMed:9562863}.'),(41,'TISSUE SPECIFICITY: Expressed in brain (at protein level). {ECO:0000269|PubMed:12044471}.'),(42,'TISSUE SPECIFICITY: Expressed throughout the enteric nervous system with highest levels being found in the jejunum.'),(43,'TISSUE SPECIFICITY: Expressed at high level in testis and at low level in a small number of tissues.'),(44,'TISSUE SPECIFICITY: Expressed in the junctional epithelium of healthy teeth. In periodontitis, absent in the pocket epithelium of the diseased periodontium but is detected in the gingival crevicular fluid. {ECO:0000269|PubMed:25911094}.'),(45,'TISSUE SPECIFICITY: This protein is, the main protein synthesized and secreted in the endometrium from mid-luteal phase of the menstrual cycle and during the first semester of pregnancy (PubMed:3667877). Glycodelin-A is expressed in amniotic fluid, endometrium/decidua and maternal serum (at protein level) (PubMed:3194393). Glycodelin-F is expressed in follicular fluid, luteinized granulosa cells and the oviduct (at protein level) (PubMed:12672671). Glycodelin-S is expressed in seminal plasma and seminal vesicles (at protein level) (PubMed:9239694). Glycodelin-C is detected in cumulus cells (at protein level), but cumulus cells do not synthesize Glycodelin-C but take up and convert glycodelin-A and -F vis glycan remodeling (PubMed:17192260). {ECO:0000269|PubMed:12672671, ECO:0000269|PubMed:17192260, ECO:0000269|PubMed:3194393, ECO:0000269|PubMed:3667877, ECO:0000269|PubMed:9239694}.'),(46,'TISSUE SPECIFICITY: Expressed in brain, lung, kidney, spleen and testis. Found also in the inner and outer synaptic layers, and the nerve fiber layer in adult and fetal retinas. Found in the supporting cells, outer sulcus cells and spiral ganglion of fetal cochlea. Expressed in cytotoxic tumor-derived T- and NK-cell lines as well as biopsies of nasal NK/T-cell lymphomas. Not detected in normal or in vitro activated peripheral blood cells, CD4 or CD8 lymphocytes or NK cells. Isoform 3 is expressed in brain, heart, cerebellum and kidney. CD1 isoforms, such as isoform 1, have a limited pattern of expression and is detected in testis, retina and cochlea. CD2 isoforms, such as isoforms 4 and 5, are expressed in heart, kidney, thymus, spleen, testis, retina and cochlea. CD3 isoforms, such as isoform 6, are widely expressed. {ECO:0000269|PubMed:11487575, ECO:0000269|PubMed:16369489, ECO:0000269|PubMed:18719945}.'),(47,'TISSUE SPECIFICITY: Expressed in prostate, testis, ovary and intestine. Concentrates in prostate cancer patient\'s sera. {ECO:0000269|PubMed:15344909, ECO:0000269|PubMed:17062675}.'),(48,'TISSUE SPECIFICITY: Selectively expressed in pancreas, lung, liver and kidney. Also detected at lower levels in ovary and testis. {ECO:0000269|PubMed:10681567}.'),(49,'TISSUE SPECIFICITY: Detected in colon, intestine, kidney and brain cortex. {ECO:0000269|PubMed:12974676}.'),(50,'TISSUE SPECIFICITY: Expressed in white adipose tissue (at protein level) (PubMed:11201732). Widely expressed, with particularly strong expression in lung, bone marrow, breast and peripheral blood (PubMed:15248836). Expressed strongly in bone marrow and at lower levels in lung, but not detected in other tissues (PubMed:15064728). Isoform 2 is detected in adipose tissue, bone marrow, brain, lung, peripheral blood, placenta and thymus (PubMed:15248836). {ECO:0000269|PubMed:11201732, ECO:0000269|PubMed:15064728, ECO:0000269|PubMed:15248836}.'),(51,'TISSUE SPECIFICITY: Restricted to the retina (at protein level) (PubMed:10915776). Detected in the inner segment of the photoreceptors, the inner nuclear layer, the inner plexiform layer and the ganglion cell layer (at protein level). At the macula, expressed in both the outer and inner nuclear layers and in the inner plexiform layer (at protein level) (PubMed:10915776). Detected in retina (PubMed:9326935). Detected only within the photoreceptor cell layer, most prominently within the inner segments of the photoreceptors (PubMed:10915776). Undetectable in the inner plexiform layers and the inner nuclear layer (PubMed:10915776). {ECO:0000269|PubMed:10915776, ECO:0000269|PubMed:9326935}.'),(52,'TISSUE SPECIFICITY: Expressed in lymphocytes, CD4 positive T-cells and bone marrow-derived cells. Also expressed in lung, colon, thymus and brain. {ECO:0000269|PubMed:15504364}.'),(53,'TISSUE SPECIFICITY: Expressed in the brain, kidney, testis, placenta, uterus, ovary, adrenal, prostate, skin and heart. Not detected in spleen. {ECO:0000269|PubMed:16051677}.'),(54,'TISSUE SPECIFICITY: Clara cells (nonciliated cells of the surface epithelium of the pulmonary airways).'),(55,'TISSUE SPECIFICITY: Highly expressed in the retinal pigment epithelium (RPE) and pancreas. Weak expression in heart, liver and muscle. {ECO:0000269|PubMed:10072424, ECO:0000269|PubMed:9391078, ECO:0000269|PubMed:9642118}.'),(56,'TISSUE SPECIFICITY: Expressed in lung, brain, pancreas and adipose tissue (mainly mature adipocytes). {ECO:0000269|PubMed:23478426}.'),(57,'TISSUE SPECIFICITY: Expressed in skeletal and heart muscle.'),(58,'TISSUE SPECIFICITY: Brain, mostly in frontal cortex. Expressed at high level in fetal cerebellum.'),(59,'TISSUE SPECIFICITY: Brain and testis.'),(60,'TISSUE SPECIFICITY: Highly expressed in kidney and weakly in lung. {ECO:0000269|PubMed:15020244}.'),(61,'TISSUE SPECIFICITY: Detected at low levels in brain, and at very low levels in heart, adrenal gland, testis, liver and kidney. {ECO:0000269|PubMed:12145319}.'),(62,'TISSUE SPECIFICITY: Expressed in neurons of the myenteric and submucosal plexuses in the gastric body, jejunum and proximal colon. Expressed in arterial endothelial cells and neurons of the central nervous system and peripheral nervous system. Expressed in umbilical artery endothelial cells (at protein level). {ECO:0000269|PubMed:22783020, ECO:0000269|PubMed:23485812}.'),(63,'TISSUE SPECIFICITY: High levels in pancreatic, gastric, colorectal and ampullary cancer. Very weak expression in normal gastrointestinal and urogenital tract (PubMed:10825129). Coexpressed with ACE2 within mature enterocytes (PubMed:32404436). {ECO:0000269|PubMed:10825129, ECO:0000269|PubMed:32404436}.'),(64,'TISSUE SPECIFICITY: Expressed in the tonsil, spleen, lymph node, thymus, skin, pancreas, testis, colon, kidney, liver, brain and lung (PubMed:9155056). Also found in high-grade lymphomas, squamous cell lung tumors and seminomas (PubMed:9155056). {ECO:0000269|PubMed:9155056}.'),(65,'TISSUE SPECIFICITY: Strong expression at implantation sites. Was exclusively localized to the apical side of the syncytiotrophoblast. Also found in macrophages.');
/*!40000 ALTER TABLE `tissue` ENABLE KEYS */;
UNLOCK TABLES;

--
-- Table structure for table `transcript`
--

DROP TABLE IF EXISTS `transcript`;
/*!40101 SET @saved_cs_client     = @@character_set_client */;
/*!50503 SET character_set_client = utf8mb4 */;
CREATE TABLE `transcript` (
  `trans_id` int NOT NULL,
  `gene_id` int DEFAULT NULL,
  `Ensembl_trans_id` text,
  `trans_class_id` int DEFAULT NULL,
  `strand` text,
  `trans_start` int DEFAULT NULL,
  `trans_end` int DEFAULT NULL,
  `exon_count` int DEFAULT NULL,
  `coding_start` int DEFAULT NULL,
  `coding_end` int DEFAULT NULL,
  `prot_id` int DEFAULT NULL,
  PRIMARY KEY (`trans_id`),
  KEY `transcript_gene_gene_id_fk` (`gene_id`),
  KEY `transcript_protein_protein_id_fk` (`prot_id`),
  KEY `transcript_transcript_class_trans_class_id_fk` (`trans_class_id`),
  CONSTRAINT `transcript_gene_gene_id_fk` FOREIGN KEY (`gene_id`) REFERENCES `gene` (`gene_id`),
  CONSTRAINT `transcript_protein_protein_id_fk` FOREIGN KEY (`prot_id`) REFERENCES `protein` (`prot_id`),
  CONSTRAINT `transcript_transcript_class_trans_class_id_fk` FOREIGN KEY (`trans_class_id`) REFERENCES `transcript_class` (`trans_class_id`)
) ENGINE=InnoDB DEFAULT CHARSET=utf8mb4 COLLATE=utf8mb4_0900_ai_ci;
/*!40101 SET character_set_client = @saved_cs_client */;

--
-- Dumping data for table `transcript`
--

LOCK TABLES `transcript` WRITE;
/*!40000 ALTER TABLE `transcript` DISABLE KEYS */;
INSERT INTO `transcript` VALUES (1,1,'ENST00000257359.7',1,'-',130404922,130428609,9,130405557,130428286,1),(2,2,'ENST00000377928.7',1,'-',130780389,131040333,15,130780389,131040333,2),(3,2,'ENST00000286355.10',1,'-',130780300,131040909,18,130780389,131040333,3),(4,3,'ENST00000209668.3',1,'-',99276368,99290985,9,99276623,99290914,4),(5,4,'ENST00000506651.5',1,'-',99307492,99321401,10,99307839,99318184,5),(6,4,'ENST00000625860.2',1,'-',99304976,99321399,9,99307839,99318184,5),(7,4,'ENST00000639454.1',1,'-',99307842,99352760,9,99307842,99352675,6),(8,4,'ENST00000305046.13',1,'-',99304970,99321401,9,99307839,99321331,7),(9,5,'ENST00000369295.4',1,'+',114043865,114046904,1,114044132,114045566,8),(10,6,'ENST00000681852.1',1,'+',116170746,116173372,2,116172280,116173372,9),(11,6,'ENST00000371906.5',1,'+',116170743,116174974,3,116172280,116173372,9),(12,7,'ENST00000359579.5',1,'+',134527566,134541412,10,134527911,134541089,10),(13,8,'ENST00000371697.4',1,'-',90912095,90921087,9,90912865,90921027,11),(14,9,'ENST00000583448.2',1,'-',47460161,47484083,2,47461916,47483933,12),(15,9,'ENST00000583911.5',1,'-',47467995,47484158,10,47468846,47483933,13),(16,9,'ENST00000611843.4',1,'-',47467995,47484158,12,47468846,47483933,14),(17,9,'ENST00000585281.6',1,'-',47467992,47484115,12,47468846,47483933,13),(18,9,'ENST00000583874.5',1,'-',47467992,47484108,9,47468846,47483933,15),(19,10,'ENST00000595387.1',1,'+',17795156,17812233,3,17807807,17812122,16),(20,10,'ENST00000318683.7',1,'+',17795137,17813576,3,17807807,17812122,16),(21,11,'ENST00000622824.1',1,'+',77034397,77041973,2,77039551,77040706,17),(22,12,'ENST00000401724.1',1,'-',93951626,93953431,3,93952163,93952948,18),(23,12,'ENST00000253968.11',1,'-',93951626,93955355,4,93952163,93955146,18),(24,13,'ENST00000327705.14',1,'+',181040265,181061521,11,181045489,181059862,19),(25,13,'ENST00000515271.1',1,'+',181040265,181054001,5,181048024,181053563,20),(26,13,'ENST00000376841.6',1,'+',181040224,181057169,11,181045489,181056617,19),(27,14,'ENST00000300900.9',1,'+',60149972,60159546,8,60150034,60159424,21),(28,15,'ENST00000617161.1',1,'+',35673917,35681155,9,35673959,35680764,22),(29,15,'ENST00000378357.9',1,'+',35673927,35681159,11,35673959,35681025,23),(30,16,'ENST00000514555.5',1,'-',138285691,138331180,12,138285691,138331180,24),(31,16,'ENST00000323760.11',1,'-',138285268,138331804,14,138285691,138331180,24),(32,16,'ENST00000513970.5',1,'-',138285579,138338355,14,138285691,138331180,24),(33,16,'ENST00000415130.6',1,'-',138285572,138331794,11,138285691,138331180,24),(34,17,'ENST00000407835.6',1,'+',19479456,19520612,19,19494344,19518908,25),(35,17,'ENST00000437685.6',1,'+',19479825,19520611,20,19479968,19518908,26),(36,17,'ENST00000263201.7',1,'+',19479919,19520608,19,19479968,19518908,26),(37,17,'ENST00000404724.7',1,'+',19479937,19520578,18,19479968,19518908,26),(38,18,'ENST00000306960.4',1,'-',62908678,62921363,2,62909717,62911100,27),(39,19,'ENST00000185206.12',1,'-',45898455,46080348,6,45903087,46080242,28),(40,19,'ENST00000544153.3',1,'-',45911622,46015828,6,45912709,46015542,28),(41,19,'ENST00000672327.1',1,'-',45913182,46015710,5,45914155,46015542,29),(42,19,'ENST00000644878.1',1,'-',45880826,46015607,6,45881173,46015542,30),(43,19,'ENST00000339561.12',1,'-',45898455,46015860,6,45903087,46015542,28),(44,19,'ENST00000644324.1',1,'-',45881014,46015611,7,45881082,46015542,31),(45,20,'ENST00000651968.1',1,'-',116118908,116126132,3,116120072,116125492,32),(46,20,'ENST00000243222.8',1,'-',116118922,116126133,3,116120072,116125492,32),(47,20,'ENST00000327673.4',1,'-',116119025,116125900,2,116120072,116125492,32),(48,21,'ENST00000439329.5',1,'-',46053216,46105028,10,46053613,46105009,33),(49,21,'ENST00000674625.1',1,'-',46068527,46105028,7,46073469,46105009,34),(50,21,'ENST00000181383.10',1,'-',46053185,46105033,11,46053613,46105009,35),(51,22,'ENST00000309155.3',1,'-',97879650,98011337,14,97879682,98011337,36),(52,22,'ENST00000370591.6',1,'-',97879628,98030828,15,97879682,98030472,37),(53,22,'ENST00000370597.8',1,'-',97864999,98030621,15,97865547,98030472,37),(54,23,'ENST00000394149.8',1,'+',40015439,40017813,5,40015474,40016959,38),(55,23,'ENST00000577675.1',1,'+',40015486,40017648,3,40015662,40016959,39),(56,23,'ENST00000331769.6',1,'+',40015446,40017813,4,40015662,40016959,40),(57,23,'ENST00000394148.7',1,'+',40015466,40017057,4,40015474,40016959,38),(58,23,'ENST00000225474.6',1,'+',40015443,40017813,5,40015474,40016959,38),(59,24,'ENST00000415886.2',1,'+',103371549,103376051,2,103371656,103376031,41),(60,24,'ENST00000330295.10',1,'+',103371537,103382989,4,103371656,103382600,42),(61,24,'ENST00000520880.1',1,'+',103377137,103382614,3,103378044,103382600,43),(62,24,'ENST00000520337.1',1,'+',103372432,103382989,4,103372551,103382600,42),(63,25,'ENST00000343932.5',1,'+',74748844,74756607,7,74749738,74755088,44),(64,26,'ENST00000395955.7',1,'-',54153961,54173649,11,54157178,54173579,45),(65,26,'ENST00000395954.3',1,'-',54154712,54171953,10,54157178,54171693,45),(66,26,'ENST00000216862.8',1,'-',54153445,54173986,12,54157178,54173579,45),(67,27,'ENST00000395425.6',1,'-',55148111,55191544,20,55148453,55189179,46),(68,27,'ENST00000247191.7',1,'-',55148134,55191585,19,55148350,55189179,46),(69,28,'ENST00000561166.1',1,'+',45138817,45165573,24,45139090,45164901,47),(70,28,'ENST00000321429.8',1,'+',45129932,45165576,35,45131966,45164901,47),(71,28,'ENST00000389037.7',1,'+',45129993,45165574,34,45131966,45164901,47),(72,29,'ENST00000217182.6',1,'-',63488013,63499083,8,63488297,63497763,48),(73,30,'ENST00000371506.7',1,'-',137434363,137441357,10,137434913,137438285,49),(74,30,'ENST00000344119.6',1,'-',137434363,137441449,9,137434913,137438285,49),(75,31,'ENST00000264692.8',1,'+',186266262,186288780,14,186267136,186288614,50),(76,31,'ENST00000403665.7',1,'+',186266188,186289681,15,186267136,186288614,50),(77,31,'ENST00000492972.6',1,'+',186266199,186274897,5,186267136,186274279,51),(78,32,'ENST00000256104.5',1,'-',81478418,81483233,4,81478864,81483167,52),(79,33,'ENST00000276699.10',1,'+',123182680,123210074,5,123182856,123209496,53),(80,33,'ENST00000522648.5',1,'+',123182680,123210078,4,123182856,123209535,53),(81,33,'ENST00000518448.5',1,'+',123179046,123209762,5,123182856,123207688,53),(82,33,'ENST00000536633.2',1,'+',123179046,123210079,6,123182856,123209496,53),(83,34,'ENST00000509493.1',1,'+',154563025,154570721,6,154567759,154570650,54),(84,34,'ENST00000302068.9',1,'+',154563010,154572807,8,154563018,154570650,55),(85,35,'ENST00000259989.7',1,'-',15960244,15963175,2,15962457,15963129,56),(86,36,'ENST00000522444.5',1,'-',17864388,17885779,7,17864591,17885554,57),(87,36,'ENST00000398054.5',1,'-',17864392,17895404,9,17864591,17885554,57),(88,36,'ENST00000427924.5',1,'-',17864388,17895524,8,17864591,17885554,57),(89,36,'ENST00000381840.5',1,'-',17864392,17895404,8,17864591,17885554,57),(90,36,'ENST00000398056.6',1,'-',17864379,17910365,10,17864591,17885554,57),(91,36,'ENST00000518650.5',1,'-',17864583,17891809,8,17864591,17885554,57),(92,36,'ENST00000381841.4',1,'-',17864392,17895538,9,17864591,17885554,57),(93,37,'ENST00000611028.3',1,'+',72135724,72139892,5,72135952,72139831,58),(94,37,'ENST00000442948.3',1,'+',72135942,72139890,5,72135958,72139115,59),(95,38,'ENST00000615753.4',1,'+',45467994,45473012,5,45468586,45473012,60),(96,38,'ENST00000592811.5',1,'+',45469875,45474597,4,45470649,45472849,61),(97,38,'ENST00000591858.5',1,'+',45467994,45475178,4,45468586,45473012,60),(98,38,'ENST00000417353.6',1,'+',45467994,45475178,3,45468586,45473012,60),(99,38,'ENST00000590335.1',1,'+',45467995,45472081,2,45468586,45471036,62),(100,38,'ENST00000586615.5',1,'+',45469912,45475179,3,45470649,45473012,60),(101,38,'ENST00000353609.8',1,'+',45467995,45475179,4,45468586,45473012,60),(102,38,'ENST00000592436.5',1,'+',45468434,45473040,5,45468586,45472849,63),(103,38,'ENST00000585836.5',1,'+',45467994,45475178,3,45468586,45473012,60),(104,38,'ENST00000443841.6',1,'+',45467994,45475178,2,45468586,45473012,60),(105,39,'ENST00000396065.3',1,'+',59611782,59622723,3,59618238,59619555,64),(106,39,'ENST00000560585.5',1,'+',59611783,59620008,3,59618238,59619555,64),(107,40,'ENST00000580279.2',1,'+',47300196,47313577,3,47300651,47312792,65),(108,41,'ENST00000382848.5',1,'-',20187469,20192938,2,20188900,20189581,66),(109,41,'ENST00000382844.2',1,'-',20187462,20189780,1,20188900,20189581,66),(110,42,'ENST00000548814.1',1,'+',50104007,50110086,8,50104050,50109519,67),(111,42,'ENST00000301149.8',1,'+',50104007,50111313,8,50104050,50109519,67),(112,43,'ENST00000622500.2',1,'+',143213217,143217170,4,143213267,143215518,68),(113,44,'ENST00000397797.1',1,'+',176703,177522,3,176929,177411,69),(114,44,'ENST00000320868.9',1,'+',176679,177522,3,176716,177411,70),(115,45,'ENST00000296575.8',1,'+',144646155,144745271,13,144646675,144737957,71),(116,45,'ENST00000434550.2',1,'+',144646171,144660273,4,144646675,144659970,71),(117,46,'ENST00000355556.6',1,'+',113975074,113990310,8,113975307,113989763,72),(118,46,'ENST00000506841.6',1,'+',113975187,113990313,8,113975325,113989763,72),(119,46,'ENST00000504030.7',1,'+',113975107,113990313,9,113975325,113989763,72),(120,46,'ENST00000375498.6',1,'+',113975074,113990310,9,113975307,113989763,72),(121,46,'ENST00000299961.5',1,'+',113977499,113990310,9,113977554,113989763,72),(122,47,'ENST00000013222.5',1,'+',30752134,30757602,3,30752150,30755851,73),(123,47,'ENST00000409539.1',1,'+',30752136,30755851,3,30752150,30755851,73),(124,48,'ENST00000260386.7',1,'+',41493873,41503551,7,41493927,41503166,74),(125,49,'ENST00000328224.7',1,'-',30009729,30017030,2,30010716,30012678,75),(126,50,'ENST00000483725.8',1,'-',127438405,127459389,6,127444108,127453981,76),(127,51,'ENST00000374403.4',1,'+',70290103,70420886,31,70290458,70420265,77),(128,52,'ENST00000301653.9',1,'-',41609777,41612767,8,41609934,41612688,78),(129,53,'ENST00000551956.2',1,'-',52806548,52814116,9,52807068,52814058,79),(130,54,'ENST00000424267.6',1,'-',22146829,22156751,7,22148159,22156542,80),(131,54,'ENST00000306317.7',1,'-',22146829,22156806,8,22148159,22156542,80),(132,55,'ENST00000563189.5',1,'+',67347375,67385200,11,67347466,67385089,81),(133,55,'ENST00000435835.3',1,'+',67347402,67385200,9,67347466,67385089,81),(134,55,'ENST00000329956.11',1,'+',67326814,67385204,14,67326862,67385089,81),(135,56,'ENST00000632577.1',8,'+',275116,275282,1,275116,275116,NULL),(136,56,'ENST00000400384.7',1,'+',50560086,50731826,6,50663958,50729854,82),(137,56,'ENST00000588540.1',1,'+',50560641,50706139,3,50663958,50704829,83),(138,56,'ENST00000631637.1',8,'+',275680,275798,1,275680,275680,NULL),(139,56,'ENST00000540640.3',1,'+',50560132,50730101,5,50715165,50729854,84),(140,56,'ENST00000592595.5',1,'+',50560141,50731824,4,50663958,50729168,85),(141,57,'ENST00000536860.5',1,'+',36572861,36677683,17,36581681,36677337,86),(142,57,'ENST00000541717.4',1,'+',36572861,36677683,17,36581681,36677337,86),(143,57,'ENST00000543751.5',1,'+',36572861,36677683,17,36581691,36677337,86),(144,57,'ENST00000545008.5',1,'+',36572896,36677681,16,36581681,36677337,86),(145,57,'ENST00000536987.5',1,'+',36572894,36677681,15,36589640,36677337,86),(146,57,'ENST00000536329.5',1,'+',36572861,36677683,16,36581691,36677337,86),(147,57,'ENST00000298048.7',1,'+',36572894,36677682,18,36581681,36677337,86),(148,58,'ENST00000315274.7',1,'-',102789918,102798160,10,102790411,102798092,87),(149,59,'ENST00000571244.3',1,'-',102862735,102874982,10,102863099,102874937,88),(150,60,'ENST00000260302.8',1,'-',102942994,102955732,10,102944265,102955705,89),(151,60,'ENST00000340273.4',1,'-',102944329,102955705,11,102944329,102955705,90),(152,60,'ENST00000615555.4',1,'-',102944142,102955705,9,102944142,102955705,91),(153,61,'ENST00000396863.8',1,'+',43667018,43716495,13,43667283,43716087,92),(154,61,'ENST00000217026.5',1,'+',43667113,43716482,14,43667283,43716087,92),(155,62,'ENST00000522820.5',1,'+',90940191,90955818,5,90940791,90955512,93),(156,62,'ENST00000417640.7',1,'+',90791774,90959393,13,90791886,90955512,93),(157,62,'ENST00000521366.1',1,'+',90940521,90957847,4,90940791,90955512,93),(158,63,'ENST00000505262.5',1,'-',55595233,55636259,8,55599145,55636192,94),(159,63,'ENST00000511469.5',1,'-',55595228,55636284,9,55599145,55636192,95),(160,63,'ENST00000507338.1',1,'-',55595283,55636268,9,55599145,55636192,96),(161,63,'ENST00000264218.7',1,'-',55595230,55636298,10,55599145,55636192,97),(162,64,'ENST00000395065.8',1,'-',103075809,103093143,20,103076289,103093023,98),(163,65,'ENST00000396094.6',1,'+',70196495,70204576,11,70196543,70203185,99),(164,65,'ENST00000683306.1',1,'+',70195724,70204576,12,70196543,70203185,99),(165,66,'ENST00000371766.6',1,'+',135561766,135566776,7,135561801,135565801,100),(166,66,'ENST00000611414.4',1,'+',135561757,135566776,6,135561801,135565801,101),(167,66,'ENST00000479141.6',1,'+',135561755,135566955,7,135561801,135565801,100),(168,66,'ENST00000277508.9',1,'+',135561776,135566776,7,135561801,135565801,100),(169,67,'ENST00000395433.5',1,'-',53821109,54801291,32,53821857,54664262,102),(170,67,'ENST00000395440.5',1,'-',53808069,54801291,12,53808691,54664262,103),(171,67,'ENST00000395445.6',1,'-',53808069,54801231,35,53808691,54664262,104),(172,67,'ENST00000613657.5',1,'-',53808130,54801231,37,53808691,54664262,105),(173,67,'ENST00000320301.11',1,'-',53821098,54801231,33,53821857,54664262,104),(174,67,'ENST00000644397.2',1,'-',53802770,54801231,38,53806578,54664262,106),(175,67,'ENST00000616114.4',1,'-',53806155,54801291,34,53806578,54664262,104),(176,67,'ENST00000373965.6',1,'-',53802770,54801291,35,53806578,54664262,107),(177,67,'ENST00000395430.5',1,'-',53821109,54801291,32,53821857,54664262,108),(178,67,'ENST00000395446.5',1,'-',53808084,54801291,18,53808691,54664262,109),(179,67,'ENST00000495484.5',1,'-',53806324,54801291,9,53806578,53857239,110),(180,67,'ENST00000437009.5',1,'-',53821109,54801291,32,53821857,54664262,111),(181,67,'ENST00000373955.5',1,'-',53994578,54801188,21,53995630,54664262,104),(182,67,'ENST00000395442.5',1,'-',53808069,54801291,11,53808691,54664262,112),(183,67,'ENST00000617271.4',1,'-',53808069,54801291,36,53809479,54664262,113),(184,67,'ENST00000373957.7',1,'-',53821109,54801291,35,53821857,54664262,114),(185,67,'ENST00000409834.5',1,'-',53808107,54801291,29,53809479,54195799,115),(186,67,'ENST00000621708.4',1,'-',53806322,54801291,36,53806578,54664262,116),(187,67,'ENST00000361849.7',1,'-',53821109,54801291,34,53821857,54664262,117),(188,68,'ENST00000256404.8',1,'-',22713250,22927914,7,22713369,22927714,118),(189,69,'ENST00000373025.7',1,'-',41736710,41747397,9,41736851,41747334,119),(190,69,'ENST00000425343.6',1,'-',41740837,41747401,7,41740974,41747334,119),(191,70,'ENST00000373674.4',1,'+',36954737,36964837,7,36954760,36963944,120),(192,70,'ENST00000611814.4',1,'+',36948262,36964835,8,36954760,36963944,120),(193,70,'ENST00000647861.1',1,'+',36948262,36964820,9,36954760,36963944,120),(194,71,'ENST00000265340.12',1,'-',135027733,135034228,3,135028778,135033881,121),(195,71,'ENST00000506438.5',1,'-',135028552,135034634,4,135028778,135033881,121),(196,72,'ENST00000549767.1',1,'-',120322116,120326093,3,120322192,120325967,122),(197,72,'ENST00000423423.3',1,'-',120322114,120327779,3,120322298,120327753,123),(198,72,'ENST00000308366.9',1,'-',120322114,120327779,4,120322192,120327753,124),(199,73,'ENST00000427255.2',1,'-',40815570,40828709,5,40815646,40828641,125),(200,73,'ENST00000299174.10',1,'-',40815450,40828708,4,40815695,40828641,126),(201,74,'ENST00000644991.3',1,'+',80444234,80680273,45,80444345,80679023,127),(202,74,'ENST00000616559.4',1,'+',80435082,80680189,45,80435082,80679023,128),(203,75,'ENST00000381324.2',1,'+',7669326,7670349,2,7669326,7670349,129),(204,75,'ENST00000221515.6',1,'+',7669048,7670455,4,7669326,7670349,129),(205,75,'ENST00000629642.1',1,'+',7669085,7670454,3,7669326,7670349,129),(206,76,'ENST00000379984.4',1,'-',18639687,18672108,6,18642003,18672068,130),(207,77,'ENST00000276659.10',1,'-',107899315,108083620,6,107901074,108082638,131),(208,77,'ENST00000517939.5',1,'-',107899315,108081956,5,107901074,107989137,131),(209,77,'ENST00000517781.5',1,'-',107899315,108083203,5,107901074,108082638,131),(210,78,'ENST00000373789.8',1,'-',62193085,62268844,12,62197907,62268610,132),(211,78,'ENST00000315289.6',1,'-',62183034,62236263,9,62184321,62236094,133),(212,78,'ENST00000395260.3',1,'-',62238156,62268707,5,62239643,62268610,133),(213,79,'ENST00000343542.9',1,'+',158521976,158652055,16,158521976,158652055,134),(214,79,'ENST00000423548.5',1,'+',158521713,158653367,18,158521976,158652055,135),(215,79,'ENST00000448688.6',1,'+',158521713,158653367,18,158607063,158652055,136),(216,79,'ENST00000460056.6',1,'+',158315310,158652212,20,158593456,158652055,137),(217,79,'ENST00000613319.4',1,'+',158521713,158653367,17,158599429,158652055,138),(218,79,'ENST00000307765.10',1,'+',158521881,158653372,18,158521976,158652055,134),(219,79,'ENST00000470033.2',1,'+',158521976,158652055,17,158521976,158652055,134),(220,80,'ENST00000534397.5',1,'+',62405102,62423195,4,62422270,62423091,139),(221,80,'ENST00000278282.3',1,'+',62419032,62423195,3,62419095,62423091,140),(222,81,'ENST00000215812.9',1,'-',30459228,30472017,12,30460020,30471958,141),(223,81,'ENST00000402286.5',1,'-',30459505,30471986,14,30460020,30468791,141),(224,81,'ENST00000401751.5',1,'-',30459505,30471986,13,30460020,30470075,141),(225,81,'ENST00000403066.5',1,'-',30447958,30472017,13,30449086,30470075,142),(226,81,'ENST00000540910.5',1,'-',30459229,30470585,12,30460020,30468791,141),(227,82,'ENST00000266066.4',1,'-',97766750,97771999,3,97767513,97771833,143),(228,83,'ENST00000372292.8',1,'-',79937739,79949105,8,79937851,79946659,144),(229,84,'ENST00000218867.4',1,'+',23180978,23325162,8,23203694,23324541,145),(230,85,'ENST00000380607.5',1,'+',17579065,17797124,9,17579242,17795743,146),(231,86,'ENST00000324537.5',1,'+',83447530,83618739,12,83490833,83618287,147),(232,86,'ENST00000427482.7',1,'+',83447340,83618743,9,83447533,83618287,147),(233,87,'ENST00000396652.1',1,'-',16461542,16530580,5,16462547,16465668,148),(234,87,'ENST00000307068.5',1,'-',16461480,16465738,2,16462547,16465668,148),(235,88,'ENST00000510027.2',1,'-',147827085,147831635,3,147828017,147831577,149),(236,88,'ENST00000296695.10',1,'-',147824581,147831671,4,147824660,147831577,150),(237,89,'ENST00000377602.5',1,'-',17315420,17454595,8,17320877,17454255,151),(238,90,'ENST00000323944.9',1,'-',24809661,25050297,6,24812708,24974818,152),(239,90,'ENST00000548369.1',1,'-',24812491,24819477,2,24812708,24819339,152),(240,90,'ENST00000546511.5',1,'-',24812191,25049000,6,24812708,24974818,152),(241,90,'ENST00000419632.6',1,'-',24812086,25049889,6,24812708,24974818,152),(242,90,'ENST00000550887.5',1,'-',24812299,25010640,7,24812708,24974818,152),(243,90,'ENST00000396700.5',1,'-',24809655,25050064,7,24812708,24974818,152),(244,91,'ENST00000527043.6',1,'+',67023133,67050863,8,67030144,67048757,153),(245,91,'ENST00000525457.5',1,'+',67022718,67048939,8,67030144,67048757,153),(246,91,'ENST00000393946.6',1,'+',67006777,67050863,11,67030144,67048757,153),(247,92,'ENST00000374323.8',1,'+',46578216,46592062,7,46578804,46587647,154),(248,92,'ENST00000374321.9',1,'+',46579127,46592064,8,46579168,46587647,155),(249,92,'ENST00000503753.5',1,'+',46579132,46590499,9,46579168,46589648,155),(250,93,'ENST00000367882.5',1,'+',133889112,133892257,2,133889397,133891802,156),(251,93,'ENST00000237316.3',1,'+',133889334,133895553,3,133889397,133891802,156),(252,94,'ENST00000575734.5',1,'-',55719917,55732121,4,55720665,55721070,157),(253,94,'ENST00000424486.3',1,'-',55719626,55722864,2,55720665,55721070,157),(254,95,'ENST00000523251.5',1,'+',118077076,118118182,12,118077302,118117913,158),(255,95,'ENST00000616579.4',1,'+',118077011,118119839,12,118077302,118117913,159),(256,95,'ENST00000534111.5',1,'+',118077037,118121890,13,118077302,118117913,158),(257,95,'ENST00000522307.5',1,'+',118077075,118118091,13,118104806,118117913,160),(258,95,'ENST00000437212.8',1,'+',118077077,118121890,13,118077302,118117913,158),(259,95,'ENST00000522824.5',1,'+',118077093,118118457,13,118077302,118117913,158),(260,96,'ENST00000423485.6',1,'-',40388524,40417896,35,40389518,40417791,161),(261,97,'ENST00000547923.1',1,'+',49326640,49331708,10,49327315,49331617,162),(262,97,'ENST00000548311.5',1,'+',49323254,49324416,4,49323608,49324274,163),(263,97,'ENST00000551245.5',1,'+',49323243,49331670,14,49323608,49331617,164),(264,97,'ENST00000257909.8',1,'+',49323254,49331731,15,49323608,49331617,163),(265,97,'ENST00000380327.9',1,'+',49323254,49324392,4,49323608,49324252,163),(266,97,'ENST00000549275.5',1,'+',49323235,49324296,3,49323608,49324274,165),(267,97,'ENST00000550709.5',1,'+',49323256,49324380,3,49323608,49324081,166),(268,97,'ENST00000549534.1',1,'+',49323272,49324365,2,49323608,49323767,167),(269,98,'ENST00000243893.10',1,'+',45812657,45816957,4,45812695,45815877,168),(270,98,'ENST00000356455.9',1,'+',45812643,45816952,6,45812695,45816767,169),(271,98,'ENST00000372568.4',1,'+',45813005,45816957,6,45813452,45816767,169),(272,98,'ENST00000335046.7',1,'+',45812634,45816957,6,45812695,45816767,169),(273,98,'ENST00000405520.5',1,'+',45812575,45816953,5,45812695,45815877,170),(274,98,'ENST00000617055.4',1,'+',45812575,45816953,5,45812695,45816767,171),(275,98,'ENST00000352551.9',1,'+',45812673,45816957,5,45812695,45816767,169),(276,99,'ENST00000257632.9',1,'+',76510524,76515456,4,76510652,76515251,172),(277,99,'ENST00000448265.7',1,'+',9611,14763,4,9739,14338,172),(278,99,'ENST00000394849.1',1,'+',76510614,76515456,5,76510652,76515251,172),(279,99,'ENST00000615976.2',1,'+',9514,14763,6,9739,14291,172),(280,99,'ENST00000631529.1',1,'+',9701,14543,5,9739,14338,173),(281,99,'ENST00000334348.8',1,'+',76510551,76516522,6,76510652,76515204,172),(282,100,'ENST00000286574.9',1,'-',65050625,65121305,10,65051348,65121191,174);
/*!40000 ALTER TABLE `transcript` ENABLE KEYS */;
UNLOCK TABLES;

--
-- Table structure for table `transcript_class`
--

DROP TABLE IF EXISTS `transcript_class`;
/*!40101 SET @saved_cs_client     = @@character_set_client */;
/*!50503 SET character_set_client = utf8mb4 */;
CREATE TABLE `transcript_class` (
  `trans_class_id` int NOT NULL,
  `trans_class` text,
  `trans_type` text,
  PRIMARY KEY (`trans_class_id`)
) ENGINE=InnoDB DEFAULT CHARSET=utf8mb4 COLLATE=utf8mb4_0900_ai_ci;
/*!40101 SET character_set_client = @saved_cs_client */;

--
-- Dumping data for table `transcript_class`
--

LOCK TABLES `transcript_class` WRITE;
/*!40000 ALTER TABLE `transcript_class` DISABLE KEYS */;
INSERT INTO `transcript_class` VALUES (1,'coding','protein_coding'),(2,'coding','non_stop_decay'),(3,'coding','nonsense_mediated_decay'),(4,'coding','polymorphic_pseudogene'),(5,'non_coding','rRNA'),(6,'non_coding','ribozyme'),(7,'non_coding','retained_intron'),(8,'non_coding','lncRNA'),(9,'non_coding','miRNA'),(10,'non_coding','misc_RNA'),(11,'non_coding','Mt_rRNA'),(12,'non_coding','processed_transcript'),(13,'non_coding','scaRNA'),(14,'non_coding','snRNA'),(15,'non_coding','snoRNA'),(16,'non_coding','TEC'),(17,'pseudo','processed_pseudogene'),(18,'pseudo','processed_transcript'),(19,'pseudo','pseudogene'),(20,'pseudo','rRNA_pseudogene'),(21,'pseudo','transcribed_processed_pseudogene'),(22,'pseudo','transcribed_unitary_pseudogene'),(23,'pseudo','transcribed_unprocessed_pseudogene');
/*!40000 ALTER TABLE `transcript_class` ENABLE KEYS */;
UNLOCK TABLES;
/*!40103 SET TIME_ZONE=@OLD_TIME_ZONE */;

/*!40101 SET SQL_MODE=@OLD_SQL_MODE */;
/*!40014 SET FOREIGN_KEY_CHECKS=@OLD_FOREIGN_KEY_CHECKS */;
/*!40014 SET UNIQUE_CHECKS=@OLD_UNIQUE_CHECKS */;
/*!40101 SET CHARACTER_SET_CLIENT=@OLD_CHARACTER_SET_CLIENT */;
/*!40101 SET CHARACTER_SET_RESULTS=@OLD_CHARACTER_SET_RESULTS */;
/*!40101 SET COLLATION_CONNECTION=@OLD_COLLATION_CONNECTION */;
/*!40111 SET SQL_NOTES=@OLD_SQL_NOTES */;

-- Dump completed on 2022-02-07 18:20:00
