mutation_id,protein_id,mutation
1,3,A80T
2,3,F881L
3,7,R48H
4,7,T60S
5,7,R370C
6,7,N57K
7,8,A26V
8,8,S49G
9,8,S475A
10,8,E474K
11,8,H405Y
12,8,R399H
13,8,K476A
14,8,E474A
15,8,S475T
16,8,V477A
17,8,R389G
18,8,R31Q
19,8,A29T
20,8,S475D
21,8,R389L
22,8,A187V
23,9,R248K
24,9,I337V
25,9,R324Q
26,9,Y231H
27,9,G21V
28,9,C268W
29,10,P87S
30,10,N313D
31,10,M286T
32,10,K125L
33,10,V301L
34,10,C299S
35,11,T116M
36,13,S6A
37,13,G177A
38,16,I317F
39,16,R328H
40,18,A48T
41,19,G511R
42,21,V237L
43,21,R69H
44,21,R219S
45,21,N177K
46,21,R14W
47,21,S284F
48,21,A12T
49,23,Q326R
50,23,V33M
51,24,S129V
52,24,S78N
53,24,S14N
54,24,R70C
55,24,T130A
56,24,E352K
57,24,G297R
58,24,S191A
59,24,K359E
60,24,S191D
61,26,P496L
62,26,P463L
63,26,R554W
64,26,V81I
65,26,Q68R
66,26,424-567del in MGORS7
67,26,V376M
68,26,M356R
69,26,S264Y
70,26,E155G
71,26,A298V
72,26,P321T
73,26,R157C
74,26,D226G
75,26,N76H
76,28,T114A
77,28,P257H
78,32,G545R
79,32,Y597H
80,32,Y582D
81,32,G595E
82,32,Y597C
83,32,Q653P
84,32,G595R
85,32,Y598D
86,32,C591R
87,32,V603M
88,32,S600P
89,32,N617K
90,32,L644R
91,32,D648G
92,32,W651R
93,32,G98R
94,32,M27T
95,32,R198H
96,32,G18R
97,32,G618V
98,32,S671P
99,32,G18E
100,32,L614P
101,35,A169T
102,35,I347T
103,37,A253T
104,37,V569M
105,37,E658K
106,38,L157M
107,38,A174T
108,42,Q44P
109,44,I314V
110,44,S212C
111,44,S298R
112,44,R431W
113,44,E168Q
114,44,R281W
115,44,C406Y
116,44,R456H
117,44,D104N
118,44,G299S
119,44,F205V
120,44,F186L
121,44,D348N
122,44,L111F
123,44,T438I
124,44,R457W
125,44,G73R
126,44,F21L
127,44,I386F
128,44,T83M
129,44,R377Q
130,44,S18C
131,44,P42R
132,45,L409S
133,45,R396W
134,45,143-144del in HCINF1
135,45,R157Q
136,45,E322K
137,45,R159Q
138,45,M374T
139,46,E753Q
140,46,T469I
141,46,G69E
142,46,Q324H
143,47,C1026R
144,47,L1178F
145,47,I962T
146,48,K165A
147,48,D252H
148,48,K36R
149,48,E122K
150,48,A92T
151,48,G70S
151,130,G70S
152,49,E428K
153,49,L62P
154,50,A63V
155,50,H53Q
156,50,I481S
157,50,K101R
158,50,C255Y
159,50,S594R
160,50,S503P
161,50,E597K
162,50,E565K
163,50,I454K
164,50,T493I
165,50,C46F
166,50,A43T
167,50,R252T
168,50,Y511H
169,50,T51P
170,50,S575L
171,50,G32R
172,50,P66L
173,50,C56R
174,50,T51I
175,50,D222Y
176,50,F301L
177,50,Y608H
178,50,D216N
179,50,H552R
180,50,R228Q
181,50,W246C
182,50,W587S
183,50,G277D
184,50,W399R
185,50,F30S
186,50,D34H
187,50,D506G
188,50,C140Y
189,50,F460V
190,50,A430V
191,50,Q244R
192,50,E543K
193,50,Y151C
194,50,F241L
195,50,W401R
196,50,S276C
197,50,L360P
198,50,V403M
199,50,T404N
200,50,I308F
201,50,I618S
202,50,G418V
203,50,D526E
204,50,P538L
205,50,S266N
206,50,G263E
207,50,C339F
208,50,A109T
209,50,K270I
210,50,T331I
211,50,C514F
212,50,E315K
213,50,T322I
214,50,L320P
215,50,R326C
216,50,E341K
217,52,E23D
218,53,A237T
219,55,A365T
220,55,P265L
221,55,K2E
222,55,R196C
223,55,T407K
224,55,G430D
225,55,G45R
226,55,P100S
227,55,L383R
228,55,39-103del in New York-1
229,55,C95R
230,55,R74C
231,55,R44C
232,55,L202Q
233,55,R478K
234,55,A98T
235,55,N170H
235,153,N170H
236,56,P90S
237,56,F84L
238,56,S28N
239,57,I72V
240,57,W256L
241,57,M114V
242,57,Y111H
243,57,T15I
244,57,P105L
245,57,Y140F
246,57,T121S
247,58,107-246del
248,60,G33S
249,66,T86R
250,66,V95M
251,66,R184W
252,66,D179N
253,66,M93I
254,66,V84M
255,66,G59A
256,66,R143Q
257,66,L90P
258,66,R184P
259,66,I111T
260,66,S113R
261,66,R75W
262,66,G59S
263,66,F191L
264,66,R75Q
265,66,R143W
266,66,I71T
267,66,D66H
268,66,G130V
269,66,I203T
270,66,E114G
271,66,R184Q
272,66,I203K
273,66,W77R
274,66,H73R
274,70,H73R
275,66,142-143del
276,66,C202F
277,66,A148P
278,66,D117H
279,66,F83L
280,66,118-119del in DFNB1A
281,66,V84L
282,66,24-227del in DFNB1A
283,66,120-121del in DFNB1A
284,66,G45E
285,66,S17F
286,66,G160S
287,66,A197S
288,66,V167M
289,66,2-11del
290,66,2-8del
291,66,D46E
292,66,Q80K
293,66,R165W
294,66,N54K
295,66,V178A
296,66,L214P
297,66,D159V
298,66,K168R
299,66,G12R
300,66,L79P
301,66,D50Y
302,66,C169Y
303,66,V153I
304,66,DEQ46E
305,66,D50N
306,66,T123N
307,66,W44S
308,66,W44C
309,66,R32L
310,66,M34A
311,66,G130A
312,66,E129K
313,66,R127H
314,66,G130D
315,66,M34T
316,66,R32H
317,66,V27I
318,66,V37I
319,67,R229P
320,67,T223I
321,67,E124K
322,67,A113P
323,67,V197A
324,67,I54V
325,68,T108A
326,68,Y38F
327,68,W109C
328,68,T108R
329,68,C65Y
330,68,T105A
331,68,G175R
332,68,S107A
333,68,W109S
334,68,C14F
335,68,T104A
336,68,H106L
337,68,G56R
338,68,I93A
339,68,G101S
340,68,T91A
341,68,S144F
342,68,L92A
343,68,C65S
344,68,C83R
345,68,C89F
346,68,Q115K
347,68,V126A
348,68,C68Y
349,68,Q115P
350,68,L71A
351,68,C68G
352,68,Y66A
353,68,C68R
354,70,G60V
355,70,G60D
356,70,H59Y
357,70,H59Q
358,70,V63M
359,70,L87R
360,70,D86V
361,70,R93Q
362,70,P96T
363,70,G52D
364,70,A64D
365,70,E31K
366,70,Q55R
367,70,S50R
368,70,R32K
369,70,A54D
370,70,K62N
371,70,63-64del in HBH
372,70,D95Y
373,70,K140T
374,70,G52R
375,70,R93W
376,70,A72V
376,79,A72V
377,70,G58R
378,70,A83D
379,70,S85R
380,70,A27V
381,70,L35R
382,70,K57R
383,70,K62T
384,70,61-62del in Clinic
385,70,E28D
386,70,A72E
387,70,A111D
388,70,H51R
389,70,H113D
390,70,D95A
391,70,D75N
392,70,D86Y
393,70,R142P
394,70,K57T
395,70,K61N
396,70,E28G
397,70,E28V
398,70,L92P
399,70,D127V
400,70,K128N
401,70,K12E
402,70,D75G
403,70,S103R
404,70,K100E
405,70,N69K
406,70,K41M
407,70,A20D
408,70,A13D
409,70,H21Q
410,70,H88R
411,70,E24G
412,70,A89S
413,70,K91M
414,70,D48H
415,70,D48G
416,70,D48A
417,70,L49R
418,70,A22D
419,70,D65Y
420,70,Y25H
421,70,A116D
422,70,E117EHLPAE
423,70,R142L
424,70,R142C
425,70,A27E
426,70,L137R
427,70,H21R
428,70,L137M
429,70,A14P
430,70,A22P
431,70,P38PE
432,70,D75A
433,70,D48Y
434,70,L110R
435,70,G23D
436,70,R32S
437,70,D76H
438,70,P45L
439,70,H46R
440,70,H46Q
441,70,S82C
442,70,L137P
443,70,S139P
444,70,P45R
445,70,G16R
446,70,K17N
447,70,H88N
448,70,L92F
449,70,K140E
450,70,W15R
451,70,H104Y
452,70,P38R
453,70,T42S
454,70,F44L
455,70,A20E
456,70,E117A
457,70,F118FI
458,70,P78R
459,70,N79K
460,70,L126P
461,70,D127G
462,70,D127Y
463,70,N10T
464,70,K8E
465,70,D7A
466,70,Y141H
467,70,K17M
468,70,G19R
469,70,G19D
470,70,P115S
471,70,P115R
472,70,D7N
473,70,E24K
474,70,P96A
475,70,D7Y
476,70,V136E
477,70,H104R
478,70,P115L
479,70,L130P
480,70,A131D
481,70,S134R
482,70,A6D
483,70,D7V
484,70,L114H
485,70,N98K
486,70,M77T
487,70,V122M
488,70,N79H
489,70,A80G
490,70,L81R
491,70,D7G
492,70,A131P
493,70,M77K
494,70,R142H
495,70,A6P
496,70,T119TEFT
497,70,A121E
498,70,V2E
499,70,L3R
500,70,H123Q
501,70,L126R
502,70,D76A
503,70,S132P
504,71,V341I
505,71,M382A
506,71,D383A
507,71,E380A
508,71,D387A
509,72,R432Q
510,72,R440A
511,72,R344H
512,72,R436D
513,72,A33T
514,72,R409Q
515,72,W178S
516,72,P391R
517,72,S253N
518,73,N246S
519,73,D28N
520,73,M205V
521,73,R258H
522,73,E219G
523,73,F254C
524,73,V214M
525,75,R89Q
526,76,S61R
527,76,S331L
528,77,L422W
529,77,1086-1145del
530,77,L1193S
531,77,C1112A
532,77,C1106A
533,77,A491V
534,77,C1110A
535,78,130-131del in PC1
536,78,L421P
537,78,L128Q
538,78,K354N
539,78,104-108del
540,78,N125G
541,78,L124H
542,78,L124P
543,78,M121T
544,78,L132P
545,78,R127C
546,78,Q122P
547,78,N125S
548,78,L124R
549,78,R127P
550,78,N125D
551,79,T82TGGFGAGGFGAGFGT
552,79,E435K
553,79,E139EQ
554,80,A524T
555,81,G509S
556,81,S744G
557,81,R222P
558,82,R371P
559,82,V38M
560,86,T466A
561,86,T460M
562,86,T387A
563,86,T428A
564,86,C169A
565,86,T167A
566,86,D150A
567,86,C154A
568,86,T478A
569,86,C168A
570,86,S171D
571,86,R333K
572,86,T460A
573,86,T167D
574,86,K219R
575,86,T518A
576,86,T56M
577,86,T409A
578,86,Y163F
579,86,C29V
580,86,T345A
581,86,C339A
582,86,C286A
583,86,T348I
584,86,C204A
585,86,C89A
586,86,T446A
587,86,DDD283KKK
588,86,C70V
589,86,T415A
590,86,S171A
591,87,Q29P
592,87,I191V
593,87,R262S
594,87,R405Q
595,87,S406T
596,87,Y360F
597,87,D252G
598,88,G469R
599,88,N357S
600,89,H2L
601,89,H232N
602,89,D390G
603,89,E223A
604,89,F74S
605,89,W207G
606,89,F75S
607,89,M91T
608,92,N341S
609,92,I624M
610,92,V595M
611,92,S427G
612,97,E79G
613,97,F148L
614,98,L302R
615,98,L300R
616,98,N186I
617,99,I222T
618,99,E269D
619,100,Q126K
620,100,L28V
621,104,1576-1956del in DFNB23
622,104,N174S
623,104,G262D
624,104,R1273S
625,104,1867-1868del in USH1F
626,104,S19A
627,104,R929Q
628,104,Q1342K
629,104,D435A
630,104,R134Q
631,104,E1611A
632,104,R134G
633,104,G380S
634,104,D178G
635,118,K125E
636,118,E211G
637,120,L416V
638,120,T50P
639,121,G299A
640,121,E130K
641,124,D16A
642,124,N89K
643,124,N89T
644,126,KK21EE
645,126,T58E
646,126,W25A
647,130,T138A
648,130,G70A
649,130,A98E
650,130,G140R
651,130,E72D
652,130,R197H
653,130,R197C
654,130,I199T
655,130,E72G
656,130,E72K
657,130,85-86del in XLRS1
658,130,S73P
659,130,C223R
660,130,W206C
661,130,C59S
662,130,K222N
663,130,C219R
664,130,G135V
665,130,W96R
666,130,C110Y
667,130,G109W
668,130,L103R
669,130,R182C
670,130,R102Q
671,130,G140E
672,130,R200C
673,130,R156G
674,130,Y65C
675,130,Y89C
676,130,P193S
677,130,L13P
678,130,L12H
679,130,L216P
680,130,G74V
681,130,P192R
682,130,R141C
683,130,G178D
684,130,P203L
685,130,I136T
686,130,E215K
687,130,C219G
688,130,E146K
689,130,E215Q
690,130,R141G
691,130,G109E
692,130,G109R
693,130,H207Q
694,130,R200H
695,130,R209H
696,130,P193L
697,130,W163C
698,130,E146D
699,130,D145H
700,130,W112C
701,130,L127P
702,130,F108C
703,130,R209C
704,130,R141H
705,130,P192L
706,130,Y155C
707,130,D158N
708,130,R102W
709,130,D143V
710,130,C142W
711,130,L113F
712,130,R213W
713,130,P192S
714,130,R213Q
715,131,137-244del in TETAMS2
716,131,R69C
717,131,L186P
718,131,70-244del in TETAMS2
719,131,F109A
720,131,F105A
721,133,H462R
722,133,K101T
723,134,D637Y
724,140,T68A
725,140,R56G
726,141,R364C
727,141,R214H
728,141,I103T
729,141,D335E
730,143,G7A
731,144,S290T
732,144,E309K
733,144,T180A
734,144,M31T
735,144,L123V
736,145,N287S
737,145,C283Y
738,145,G69R
739,145,R116H
740,145,G69D
741,145,L71S
742,146,A63S
743,146,A66D
744,146,F202W
745,146,A66S
746,146,A66W
747,146,M70Q
748,148,Q189H
749,150,L12F
750,150,N34S
751,150,P55S
752,150,L14P
753,150,R67H
754,158,R177Q
755,158,K198E
756,158,V208G
757,158,S387A
758,158,D290A
759,161,KKK342AAA
760,161,G1386D
761,161,KKK342EEE
762,161,S1469A
763,161,D541A
764,161,T1324K
765,161,A1515S
766,161,D543A
767,161,R487K
768,161,D545A
769,161,R450Q
770,161,E461A
771,169,G25D
772,169,C114S
773,172,W319R
774,172,Q293R
