animal,genotype,pyramidal1,pyramidal2,pyramidal3,pyramidal4,pyramidal5
3121,WT,18.6,25.6,31,39,44
7684,wt,26.6,26.2,25.2,21,13
9770,mutant,6.2,25.8,-3.8,8,9
3437,mutant,17.8,39.8,24.1,29,36
4166,mutant,30.3,23.1,26.8,20,35
6701,mutant,26.8,22.9,30.5,430,15
3354,mutant,21,18.9,26.6,26,NA
6477,wt,9.8,36.5,25.6,38,25
9278,mut,25.6,50.6,31.5,NA,NA
4568,wt,12.9,17.8,15.9,31,20
1810,wt,37.9,12.5,22.8,18,0
2749,wt,433,19.4,42.4,31,20
7042,wt,20.7,16.3,25.3,12,45
1085,mutant,10.7,35.1,14.5,20,27
9050,wt,27.9,17.6,15.8,19,35
6961,wt,32.2,27.5,34.6,33,11
4721,mutant,27.8,19.7,21.6,36,29
7155,wt,29.7,28.3,16.5,30,29
6607,mutant,21.9,13.1,43.4,7,26
3503,wt,28,-2,24.6,37,27
6399,wt,31.2,29,28.5,16,12
9201,,21.3,27.4,19.4,24,NA
6158,wt,28.6,30.4,33.8,38,17
3342,mutant,20.8,45.9,21.1,26,16
4495,mutant,32.7,34.8,22.8,34,38
8764,mutant,16.5,32.9,24,20,14
3467,mutant,20.9,33.2,18.9,14,28
5209,wt,11.9,44.7,NA,NA,NA
4678,mutant,33,28.3,23.3,14,NA
5070,wt,23.1,27.9,17.6,15,15
