filename,Vessel_length
001.jpg,28979
002.jpg,25110
003.jpg,11423
004.jpg,29067
005.jpg,26293
006.jpg,9565
007.jpg,24557
008.jpg,30906
009.jpg,30224
010.jpg,20725
011.jpg,18349
012.jpg,30493
013.jpg,30007
014.jpg,25239
015.jpg,27723
016.jpg,31117
017.jpg,23177
018.jpg,13148
019.jpg,19381
020.jpg,22379
021.jpg,14793
022.jpg,21300
023.jpg,17142
024.jpg,18766
025.jpg,22344
026.jpg,11720
027.jpg,11388
028.jpg,26819
029.jpg,13403
030.jpg,9896
031.jpg,19462
032.jpg,15987
033.jpg,23839
034.jpg,20004
035.jpg,13388
036.jpg,5583
037.jpg,10616
038.jpg,18953
039.jpg,23448
040.jpg,19550
041.jpg,6103
042.jpg,22721
043.jpg,25637
044.jpg,23946
045.jpg,16803
046.jpg,18036
047.jpg,25256
048.jpg,17868
049.jpg,21776
050.jpg,29520
051.jpg,27402
052.jpg,27103
053.jpg,24622
054.jpg,13000
055.jpg,22857
056.jpg,25302
057.jpg,27057
058.jpg,25784
059.jpg,28055
060.jpg,30049
061.jpg,22638
062.jpg,22863
063.jpg,19486
064.jpg,21344
065.jpg,24001
066.jpg,22018
067.jpg,23373
068.jpg,20040
069.jpg,22997
070.jpg,22885
071.jpg,14138
072.jpg,10387
073.jpg,26227
074.jpg,25780
075.jpg,22467
076.jpg,13103
077.jpg,19190
078.jpg,17416
079.jpg,2716
080.jpg,12045
081.jpg,23270
082.jpg,14144
083.jpg,15439
084.jpg,12964
085.jpg,11905
086.jpg,15326
087.jpg,16673
088.jpg,20473
089.jpg,24019
090.jpg,24322
091.jpg,5877
092.jpg,7901
093.jpg,14773
094.jpg,16519
095.jpg,26635
096.jpg,21689
097.jpg,7060
098.jpg,19557
099.jpg,21228
100.jpg,23683
101.jpg,25260
102.jpg,28973
103.jpg,28962
104.jpg,10738
105.jpg,9109
106.jpg,29240
107.jpg,30049
108.jpg,31158
109.jpg,31346
110.jpg,18212
111.jpg,16668
112.jpg,21560
113.jpg,22042
114.jpg,25112
115.jpg,26410
116.jpg,20584
117.jpg,22304
118.jpg,19976
119.jpg,23847
120.jpg,21880
121.jpg,30455
122.jpg,26099
123.jpg,24137
124.jpg,27537
125.jpg,27886
126.jpg,21014
127.jpg,19673
128.jpg,20458
129.jpg,18856
130.jpg,22208
131.jpg,26925
132.jpg,24868
133.jpg,26299
134.jpg,26336
135.jpg,23794
136.jpg,21907
137.jpg,15180
138.jpg,1062
139.jpg,25759
140.jpg,27820
141.jpg,24083
142.jpg,23090
143.jpg,20443
144.jpg,28690
145.jpg,30986
146.jpg,15637
147.jpg,12341
148.jpg,18872
149.jpg,14084
150.jpg,29241
151.jpg,28329
152.jpg,31477
153.jpg,25820
154.jpg,26467
155.jpg,25946
156.jpg,22539
157.jpg,24846
158.jpg,21263
159.jpg,21901
160.jpg,23988
161.jpg,26848
162.jpg,25043
163.jpg,20152
164.jpg,20665
165.jpg,17677
166.jpg,15349
167.jpg,18970
168.jpg,23994
169.jpg,18889
170.jpg,18134
171.jpg,14549
172.jpg,20533
173.jpg,17872
174.jpg,14834
175.jpg,6167
176.jpg,10723
177.jpg,24903
178.jpg,23994
179.jpg,21561
180.jpg,10626
181.jpg,9310
182.jpg,3776
183.jpg,13392
184.jpg,25166
185.jpg,27735
186.jpg,20364
187.jpg,21327
188.jpg,19225
189.jpg,19546
190.jpg,24133
191.jpg,11873
192.jpg,23597
193.jpg,22354
194.jpg,10926
195.jpg,19134
196.jpg,8640
197.jpg,22223
198.jpg,24673
199.jpg,26019
200.jpg,22183
201.jpg,15708
202.jpg,14313
203.jpg,23615
204.jpg,15273
205.jpg,7140
206.jpg,23236
207.jpg,26069
208.jpg,31481
209.jpg,30086
210.jpg,22355
211.jpg,10392
212.jpg,13839
213.jpg,4906
214.jpg,24083
215.jpg,16252
216.jpg,14705
217.jpg,15072
218.jpg,21385
219.jpg,19081
220.jpg,9799
221.jpg,7835
222.jpg,23718
223.jpg,22661
224.jpg,26289
225.jpg,25148
226.jpg,25823
227.jpg,27015
228.jpg,18453
229.jpg,17361
230.jpg,11612
231.jpg,11320
232.jpg,1540
233.jpg,232
234.jpg,12130
235.jpg,16807
236.jpg,15837
237.jpg,21992
238.jpg,12028
239.jpg,4587
240.jpg,20411
241.jpg,12741
242.jpg,19240
243.jpg,29808
244.jpg,31445
245.jpg,9335
246.jpg,14957
247.jpg,18588
248.jpg,14184
249.jpg,24000
250.jpg,25264
251.jpg,20582
252.jpg,18892
253.jpg,16052
254.jpg,12606
255.jpg,20950
256.jpg,20809
257.jpg,26879
258.jpg,25608
259.jpg,16586
260.jpg,12897
261.jpg,30657
262.jpg,26833
263.jpg,23285
264.jpg,20776
265.jpg,15696
266.jpg,9552
267.jpg,17764
268.jpg,21014
269.jpg,31241
270.jpg,29954
271.jpg,23249
272.jpg,20637
273.jpg,18929
274.jpg,18557
275.jpg,23089
276.jpg,10815
277.jpg,31135
278.jpg,29211
279.jpg,28883
280.jpg,25150
281.jpg,21116
282.jpg,23738
283.jpg,25434
284.jpg,19177
285.jpg,11926
286.jpg,15054
287.jpg,18363
288.jpg,19795
289.jpg,27690
290.jpg,29368
291.jpg,12071
292.jpg,10445
293.jpg,26462
294.jpg,24723
295.jpg,21785
296.jpg,25719
297.jpg,24084
298.jpg,22807
299.jpg,20238
300.jpg,8981
301.jpg,9503
302.jpg,24897
303.jpg,21542
304.jpg,4606
305.jpg,16420
306.jpg,15054
307.jpg,11539
308.jpg,12667
309.jpg,22739
310.jpg,25486
311.jpg,26612
312.jpg,25703
313.jpg,20881
314.jpg,21643
315.jpg,18803
316.jpg,18988
317.jpg,17347
318.jpg,14066
319.jpg,30997
320.jpg,25064
321.jpg,12214
322.jpg,5222
323.jpg,18240
324.jpg,19877
325.jpg,14562
326.jpg,15287
327.jpg,8743
328.jpg,17421
329.jpg,18620
330.jpg,19447
331.jpg,25510
332.jpg,31645
333.jpg,29227
334.jpg,20715
335.jpg,21579
336.jpg,19475
337.jpg,15490
338.jpg,24159
339.jpg,25098
340.jpg,12552
341.jpg,16121
342.jpg,14764
343.jpg,22871
344.jpg,28556
345.jpg,852
346.jpg,31082
347.jpg,28081
348.jpg,18354
349.jpg,10962
350.jpg,20380
351.jpg,18421
352.jpg,29257
353.jpg,17492
354.jpg,23284
355.jpg,9465
356.jpg,21507
357.jpg,32586
358.jpg,35080
360.jpg,19806
361.jpg,26545
362.jpg,13689
363.jpg,15458
364.jpg,13415
365.jpg,16341
366.jpg,26846
367.jpg,20892
368.jpg,12665
369.jpg,14625
370.jpg,17329
371.jpg,16830
372.jpg,12552
373.jpg,19225
374.jpg,20241
375.jpg,23564
376.jpg,23346
377.jpg,10306
378.jpg,18222
379.jpg,20601
380.jpg,18730
381.jpg,31494
382.jpg,31448
383.jpg,18495
384.jpg,20679
385.jpg,16161
386.jpg,20061
387.jpg,25101
388.jpg,25342
389.jpg,21472
390.jpg,24725
391.jpg,17895
392.jpg,14083
393.jpg,11642
394.jpg,12144
395.jpg,18616
396.jpg,24619
397.jpg,23186
398.jpg,10457
399.jpg,13089
400.jpg,22244
401.jpg,26039
402.jpg,24043
403.jpg,20752
404.jpg,34421
405.jpg,31842
406.jpg,28166
407.jpg,26513
408.jpg,20654
409.jpg,18301
410.jpg,24642
411.jpg,24466
412.jpg,30554
413.jpg,32990
414.jpg,22213
415.jpg,23623
416.jpg,10933
417.jpg,4839
418.jpg,23018
419.jpg,21407
420.jpg,26973
421.jpg,23578
422.jpg,33916
423.jpg,28958
424.jpg,23043
425.jpg,24218
426.jpg,5884
427.jpg,13931
428.jpg,14278
429.jpg,20904
430.jpg,24416
431.jpg,25746
432.jpg,1871
433.jpg,3676
434.jpg,30561
435.jpg,27131
436.jpg,31354
437.jpg,30151
438.jpg,17460
439.jpg,11055
440.jpg,23925
441.jpg,24048
442.jpg,9410
443.jpg,12346
444.jpg,25769
445.jpg,24577
446.jpg,23336
447.jpg,26549
448.jpg,23374
449.jpg,20723
450.jpg,21457
451.jpg,18072
452.jpg,21983
453.jpg,27412
454.jpg,27679
455.jpg,28955
456.jpg,7250
457.jpg,19587
458.jpg,19939
459.jpg,23787
460.jpg,27919
461.jpg,22843
462.jpg,21195
463.jpg,13314
464.jpg,13275
465.jpg,19610
466.jpg,19624
467.jpg,24457
468.jpg,24302
469.jpg,33804
470.jpg,33075
471.jpg,27804
472.jpg,28430
473.jpg,29375
474.jpg,24684
475.jpg,17960
476.jpg,18717
477.jpg,17393
478.jpg,14513
479.jpg,30315
480.jpg,30978
481.jpg,19293
482.jpg,25048
483.jpg,9061
484.jpg,17769
485.jpg,18217
486.jpg,2675
487.jpg,3636
488.jpg,26400
489.jpg,23287
490.jpg,12987
491.jpg,9826
492.jpg,16352
493.jpg,20774
494.jpg,26477
495.jpg,24011
496.jpg,10810
497.jpg,13758
498.jpg,23257
499.jpg,25631
500.jpg,13860
501.jpg,10372
502.jpg,15865
503.jpg,18664
504.jpg,16417
505.jpg,8258
506.jpg,10331
507.jpg,17707
508.jpg,1719
509.jpg,1798
510.jpg,9213
511.jpg,9944
512.jpg,14706
513.jpg,19117
514.jpg,22993
515.jpg,15235
516.jpg,13637
517.jpg,26653
518.jpg,11359
519.jpg,7164
520.jpg,23765
521.jpg,9738
522.jpg,7348
523.jpg,5789
524.jpg,17314
525.jpg,16038
526.jpg,18755
527.jpg,3120
528.jpg,4663
529.jpg,22807
530.jpg,23487
531.jpg,1565
532.jpg,1884
533.jpg,7154
534.jpg,5852
535.jpg,24120
536.jpg,21420
537.jpg,23802
538.jpg,24678
539.jpg,21324
540.jpg,19432
541.jpg,18112
542.jpg,22998
543.jpg,18172
544.jpg,19026
545.jpg,26468
546.jpg,20213
547.jpg,31331
548.jpg,35356
549.jpg,27654
550.jpg,27463
551.jpg,17846
552.jpg,20974
553.jpg,25583
554.jpg,29972
555.jpg,26053
556.jpg,22170
557.jpg,16093
558.jpg,12238
559.jpg,27228
560.jpg,26144
561.jpg,7556
562.jpg,13900
563.jpg,19928
564.jpg,17746
565.jpg,25914
566.jpg,24952
567.jpg,22443
568.jpg,27010
569.jpg,17001
570.jpg,20448
571.jpg,23262
572.jpg,25132
573.jpg,17888
574.jpg,12977
575.jpg,29903
576.jpg,31775
577.jpg,15916
578.jpg,15484
579.jpg,27832
580.jpg,25974
581.jpg,19334
582.jpg,16100
583.jpg,10790
584.jpg,10045
585.jpg,14165
586.jpg,16076
587.jpg,27109
588.jpg,27234
589.jpg,3690
590.jpg,21368
591.jpg,21479
592.jpg,16860
593.jpg,14794
594.jpg,2444
595.jpg,14537
596.jpg,5325
597.jpg,21444
598.jpg,17850
599.jpg,23016
600.jpg,8201
601.jpg,13505
602.jpg,8674
603.jpg,27107
604.jpg,26145
605.jpg,20389
606.jpg,21383
607.jpg,22921
608.jpg,24540
609.jpg,21251
610.jpg,20280
611.jpg,11462
612.jpg,5830
613.jpg,6570
614.jpg,13157
615.jpg,28160
616.jpg,25888
617.jpg,20076
618.jpg,13926
619.jpg,17474
620.jpg,25770
621.jpg,22211
622.jpg,10041
623.jpg,24289
624.jpg,27271
625.jpg,25428
626.jpg,23271
627.jpg,17802
628.jpg,15913
629.jpg,11652
630.jpg,10161
631.jpg,15285
632.jpg,16049
633.jpg,6771
634.jpg,13387
635.jpg,22302
636.jpg,4220
637.jpg,20003
638.jpg,10676
639.jpg,23564
640.jpg,20971
641.jpg,21852
642.jpg,26109
643.jpg,26441
644.jpg,19546
645.jpg,26718
646.jpg,27599
647.jpg,18970
648.jpg,6518
649.jpg,27614
650.jpg,21789
