ID,round,phase,OB_1,OB_2,OB_3,OB_4,AS_1,AS_2,AS_3,AS_4,dwmean_1,dwmean_2,dwmean_3,dwmean_4,schemas_1,schemas_2,schemas_3,schemas_4,RT_1,RT_2,RT_3,RT_4,payoff,accuracy,performance,novelty,breakR,afterbreak,type
H1041,1,1,20,19,9,3,196,43,29,3,0.60727839,0.758361561,0.314651327,0.918693986,1,2,1,9,153.4097746,37.6741548,10.8276193,4.609829443,4.25,0,17,0,5,0,H
H1041,1,2,20,5,5,3,280,13,7,3,0.330150556,0.286373521,0.7605435,0.814255561,3,6,6,3,97.1265553,5.1322935,7.1604096,3.959062443,4.25,0.5,17,0,5,0,H
H1041,2,3,20,7,5,20,182,15,8,51,0.613264586,0.425336825,0.459359611,0.720254047,5,5,5,6,115.5026064,7.6594381,5.1012917,38.20225334,5.5,0.5,22,0,5,0,H
H1041,2,4,20,5,11,15,72,5,14,21,0.517372059,0.5616988,0.404689813,0.585541947,10,8,9,10,39.967286,3.9002231,6.4293677,13.41095314,6,1,72,0,5,0,H
H1041,3,5,20,14,8,4,162,42,14,6,0.63395037,0.289853788,0.827847347,0.234825078,1,9,1,9,103.8189381,13.5247735,13.7907888,3.125860343,3,0,12,0,5,0,H
H1041,3,6,20,7,5,13,129,12,10,13,0.745942665,0.469180677,0.499301291,0.550073574,3,8,8,3,98.2656205,7.2074122,7.0504033,8.886097743,3.5,0,14,0,5,0,H
H1041,4,7,20,1,9,14,144,0,9,29,0.498663006,2.8381624,0.3198183,0.398322783,3,2,8,3,73.5542071,3.4941998,3.7912169,13.86017864,3,0,12,0,5,0,H
H1041,4,8,20,6,9,12,102,10,11,18,0.765169979,0.411296245,0.679955558,0.356967784,5,4,1,6,79.6695568,5.2883025,9.5945488,8.232817643,4.25,0,17,0,5,0,H
H1041,5,9,20,9,6,4,64,13,9,3,0.937192065,0.893693971,0.87665014,0.867814386,3,10,10,15,60.9174842,13.5877772,9.9215675,4.314305743,3.5,0,14,1,5,1,H
H1041,5,10,20,6,3,15,117,6,3,20,0.579846725,0.376592957,0.647287,0.88445595,7,14,14,13,69.0929519,2.9951713,2.9951713,19.27561504,4.75,0,19,1,5,1,H
H1041,6,11,20,4,17,12,66,4,33,16,0.658231679,0.47482716,0.628624191,0.6194472,13,13,12,15,44.8655662,3.4641981,22.1202652,12.12151304,4.5,0,18,1,5,1,H
H1041,6,12,20,2,20,8,88,2,56,12,0.739682757,0.832047567,0.760289102,0.570234273,10,6,3,11,66.7838198,3.1671811,44.0255181,9.173146343,3.75,0,15,1,5,1,H
H1041,7,13,20,5,16,15,205,6,66,120,0.276030351,0.336447814,0.355303903,0.37873634,14,4,14,15,57.7203014,3.0571749,24.320391,46.20111854,4.75,0.5,19,1,5,1,H
H1041,7,14,20,6,6,4,102,8,9,6,0.371215407,0.345019744,0.49612838,0.316446671,11,6,7,7,39.1562396,3.6662097,6.2403569,3.101469543,3.25,0,13,1,5,1,H
H1041,8,15,20,14,10,7,130,18,11,9,0.680680153,0.445814974,0.557698567,0.430740374,7,7,15,10,89.2001019,9.5325452,7.4554265,5.509472543,4,0,16,1,5,1,H
H1041,8,16,20,4,16,3,58,6,28,3,0.607594076,1.161209271,0.515891572,0.553101836,12,13,13,6,36.3790808,8.8925086,16.5519467,3.241466243,5,0,20,1,5,1,H
H1041,9,17,18,14,8,4,32,13,11,4,0.727041582,1.320432664,0.724041408,0.42162412,14,6,13,12,24.4914008,19.8121332,9.4535407,3.278460243,4.25,0,17,1,5,1,H
H1041,9,18,20,6,8,3,42,7,10,2,0.606988205,0.46590165,0.557395518,0.696632548,4,10,15,3,26.4275116,4.6482659,7.0354024,3.352969843,3.75,0,15,1,5,1,H
H1041,10,19,20,9,6,2,51,10,8,2,0.70590576,0.343110536,0.206234022,1.096396033,4,3,3,3,36.7070995,4.5402597,2.901166,4.156454543,4.75,0,19,1,5,1,H
H1041,10,20,12,9,16,16,24,14,42,23,0.625875796,0.20174488,0.415046995,1.142452606,6,13,11,6,15.6468949,3.6342079,17.8470208,28.12090264,3.25,0.5,13,1,5,1,H
H1041,11,21,20,12,13,14,59,13,28,25,0.79297869,0.720826943,0.422300017,0.341942635,12,10,10,6,48.8587946,11.0916344,13.9307968,9.733425043,4.5,0,18,1,5,1,H
H1041,11,22,20,4,4,9,176,3,3,18,0.672128839,1.107813375,0.6082848,0.375810286,11,3,7,7,119.044809,5.2262989,3.4941999,7.967442743,3.75,0,15,1,5,1,H
H1041,12,23,20,1,10,10,83,0,15,21,0.488444604,2.0131151,0.234950938,0.282925277,15,11,15,15,41.0903502,3.1671812,4.8052748,7.234514343,4,0,16,1,5,1,H
H1041,12,24,20,2,5,11,76,1,27,11,0.486846029,0.97455575,0.1426153,0.546612679,6,6,10,12,38.236187,2.3711356,4.4612552,7.292394043,3.75,0.5,15,1,5,1,H
H1050,1,1,15,2,20,4,43,3,57,6,0.241513818,0.198761375,0.539858466,0.9114807,4,4,5,4,38.9672288,1.3580777,43.2114715,7.370459496,2,1,24,0,5,0,H
H1050,1,2,20,3,16,5,244,2,44,4,0.633905644,0.691706233,0.512362633,0.37782162,8,10,8,6,166.0474974,2.9331678,25.5054588,2.795653796,3.5,0.5,14,0,5,0,H
H1050,2,3,20,5,11,4,111,4,17,11,0.756480767,0.57103266,0.200011439,0.085671567,3,3,3,4,93.0393215,3.2291847,11.3566496,3.508069696,5,0,20,0,5,0,H
H1050,2,4,20,9,11,17,109,9,36,37,0.858549109,0.64263676,0.322964416,0.771280961,8,8,8,8,109.0602379,7.5194301,13.7897887,32.6849331,6,1,72,0,5,0,H
H1050,3,5,20,5,10,18,105,4,20,88,0.475064909,0.577033,0.342495781,0.58560653,6,1,1,1,54.1480971,3.4321963,7.7064408,56.4032573,5.5,0.5,22,0,5,0,H
H1050,3,6,20,6,11,5,55,14,10,6,0.943589686,0.44509212,0.799863936,0.964912329,5,3,4,5,57.5952943,7.5504318,9.4385399,7.030556996,6,1,72,0,5,0,H
H1050,4,7,20,4,5,2,138,3,5,1,0.366207996,0.22626295,0.309351033,0.8970513,10,8,6,10,54.2241014,1.4980857,1.9651124,1.847992396,6,1,72,0,5,0,H
H1050,4,8,20,2,4,16,50,3,14,44,0.870049767,0.417273875,0.077937787,0.666788042,9,4,5,4,48.9217981,2.1371223,1.731099,31.8095652,6,1,72,0,5,0,H
H1050,5,9,20,12,13,11,111,55,74,23,0.364092254,0.351037929,0.340019452,0.252306092,10,11,7,10,45.0995795,22.4802858,29.4996873,8.481476596,4.5,0,18,1,5,1,H
H1050,5,10,20,3,3,6,63,2,5,13,0.724713323,0.2760158,0.3563537,0.206226086,15,4,14,4,56.8002488,3.0571748,5.7723302,4.115061596,5,0,20,1,5,1,H
H1050,6,11,20,15,18,2,58,28,23,2,0.868049651,0.594413307,0.508279067,1.425748233,12,13,13,11,54.02409,21.7162421,13.4927718,5.206898896,3.5,0,14,1,5,1,H
H1050,6,12,19,7,2,3,95,12,1,5,0.275401167,0.381714138,0.19501115,0.150841967,15,10,3,4,33.3369067,6.2713587,0.7960456,1.722022196,6,1,72,1,5,1,H
H1050,7,13,20,15,9,4,47,16,12,7,0.893738621,0.700157688,0.758427992,0.957429762,4,12,13,12,43.2434734,13.321762,10.7506149,8.663322796,4.25,0,17,1,5,1,H
H1050,7,14,20,5,6,3,51,4,7,4,0.660883956,0.35882052,0.466026662,0.162852659,10,6,3,6,35.2090138,2.465141,4.8202757,0.814263296,5.25,0.5,21,1,5,1,H
H1050,8,15,20,3,2,7,72,2,2,14,0.528482285,0.187344067,0.556365133,0.213212193,13,7,13,7,39.9362842,1.3270759,2.464141,5.056136996,5,0.5,20,1,5,1,H
H1050,12,23,6,4,20,4,6,7,170,4,0.296302657,0.374396412,0.223504012,0.56783248,12,3,10,12,42.8994538,3.900223,39.109237,3.673015596,5.25,0.5,21,1,5,1,H
H1050,12,24,11,2,8,2,23,1,9,1,0.855465596,0.59303395,0.32761873,0.28101605,11,11,6,13,32.3388496,1.7941027,3.899223,5.733245996,4.75,0,19,1,5,1,H
H1433,1,1,19,5,9,6,116,9,19,17,0.517209073,0.24971428,0.64893712,0.34324185,9,1,9,8,93.2263323,3.1191784,13.7907888,8.365182728,5,0,20,0,7,0,H
H1433,1,2,11,11,6,19,34,22,10,80,0.591490974,0.412936661,0.699039982,0.567946064,7,7,7,5,29.6436955,13.6157788,8.7364997,48.46753953,3.5,0.5,14,0,7,0,H
H1433,2,3,8,5,13,4,7,6,28,5,1.446707775,1.129921786,0.954571841,1.745359571,2,4,2,4,11.7446718,8.5644899,28.2826176,11.37720923,2.75,0.5,11,0,7,0,H
H1433,2,4,5,10,4,5,5,17,9,6,0.56686575,1.150899161,0.54283106,0.656069161,9,7,8,7,4.3212471,21.6842403,6.6923828,5.247521628,2.75,0.5,11,0,7,0,H
H1433,3,5,17,4,13,2,41,4,14,2,0.696444595,0.3338191,1.260538773,0.844325843,2,5,4,5,29.9677141,3.1981829,19.8901377,3.297021228,3.5,0,14,0,7,0,H
H1433,3,6,11,3,4,18,29,2,5,33,0.475327187,0.431691367,0.551198183,1.341396639,10,7,7,7,15.2568726,1.2950741,3.4631981,47.47559273,3,1,36,0,7,0,H
H1433,4,7,18,2,6,11,43,3,7,37,0.738860445,0.214012225,0.836922863,0.414260539,8,10,8,9,35.7090424,1.7621008,7.4594266,16.74165843,2.5,0.5,10,0,7,0,H
H1433,4,8,11,3,14,7,21,2,65,8,0.604898227,1.9447779,0.316730236,0.782229681,1,1,7,5,15.2878744,6.5203729,21.5592331,7.040067128,5.5,0.5,22,0,7,0,H
H1433,5,9,20,8,5,2,72,12,6,2,0.722479682,0.427178277,0.519315414,0.853433609,2,10,6,10,54.3641095,6.4583694,4.493257,3.324344528,4.5,0,18,0,7,0,H
H1433,5,10,14,8,3,12,46,17,2,41,0.521263855,0.884050561,1.622092733,0.553578127,5,3,7,3,25.5844633,17.0509753,5.0072864,23.34428673,6,1,72,0,7,0,H
H1433,6,11,9,15,4,6,16,44,4,6,0.711158324,0.843426022,0.56443226,0.78346699,8,7,7,5,12.0896915,38.1111799,3.0571748,6.061301928,4,0,16,0,7,0,H
H1433,6,12,11,4,15,18,30,3,31,45,0.674845052,0.366520975,0.969649209,0.946510659,1,2,4,10,20.9201966,1.4660839,31.1067792,44.17781483,6,1,72,0,7,0,H
H1433,7,13,20,10,4,4,78,15,5,4,0.834313544,0.483652662,0.428857867,0.453813086,10,14,14,12,65.9417717,8.3934801,3.2751873,2.955104628,4.5,0,18,1,7,1,H
H1433,7,14,11,8,1,1,23,10,0,0,0.793670396,0.709040555,2.7611579,2.284986328,3,13,13,3,19.1260939,8.3474775,3.6952113,3.190038128,4.75,0,19,1,7,1,H
H1433,8,15,19,5,2,2,56,7,1,2,0.862101942,0.308267625,0.2185125,0.099005667,13,6,13,13,49.1398107,3.0571748,1.2010687,0.764237328,5.5,0.5,22,1,7,1,H
H1433,8,16,16,3,5,3,33,3,6,2,0.823164732,0.92405285,0.167152414,0.930678976,14,4,10,15,28.1116079,4.3062463,1.8561061,3.494077128,4.75,0,19,1,7,1,H
H1433,9,17,20,3,6,4,59,4,5,3,0.765743798,0.14300818,0.221012633,0.272840032,14,13,12,12,45.9446279,1.3550775,1.9971142,1.761398528,4,0,16,1,7,1,H
H1433,9,18,16,12,3,6,32,15,4,7,0.429236673,0.742979994,0.63303622,0.247794954,3,3,15,15,14.1648102,12.9167388,3.9312249,2.622396228,4.5,0,18,1,7,1,H
H1433,10,19,20,9,4,16,50,13,8,31,0.957427312,0.463526514,0.521807622,0.816077925,13,6,14,11,49.4058258,6.5993775,5.2883025,26.19014213,3,1,36,1,7,1,H
H1433,10,20,15,5,3,5,19,4,2,6,1.113163665,0.2654152,0.754043133,0.591408504,10,10,3,10,22.292275,1.7631009,2.9331677,4.669889828,4.5,0,18,1,7,1,H
H1433,11,21,8,9,3,4,10,10,6,6,0.9332352,0.795772782,0.2985885,0.327227518,6,14,6,6,10.2655872,9.6565523,2.7291561,2.929629128,4,0,16,1,7,1,H
H1433,11,22,19,10,20,3,66,19,125,3,0.666157504,0.5576819,0.358179217,0.653864057,3,10,15,7,44.6325528,11.7936746,45.8016197,2.974476828,3.75,0,15,1,7,1,H
H1433,12,23,20,7,4,2,85,7,6,1,0.887574022,0.3881472,0.343162486,0.2810161,6,14,7,6,76.4413722,3.759215,2.4021374,0.618935228,3,1,36,1,7,1,H
H1433,12,24,19,5,2,2,40,14,1,1,1.317660729,0.248480887,0.8355478,0.859122314,12,12,10,12,54.0870936,4.5382596,1.7020974,2.155269628,3.75,0.5,15,1,7,1,H
H1433,13,25,7,11,5,3,16,32,13,7,0.691921929,0.568244624,0.173867086,0.154955391,11,15,12,11,11.7936745,19.3591073,2.5591464,1.270644928,4.75,0,19,1,7,1,H
H1433,13,26,7,19,4,12,12,41,4,16,0.965978323,1.219784055,0.18101036,0.607979531,13,13,13,3,12.5577182,51.7139579,1.4350821,11.30270733,5.5,0,22,1,7,1,H
H1433,14,27,12,13,10,8,31,26,19,9,0.777075697,1.347928948,0.93760363,0.500475063,10,12,14,14,25.054433,37.1281236,19.1100931,5.629786428,4.5,0,18,1,7,1,H
H1433,14,28,20,4,2,4,110,4,1,11,0.440295453,0.28081606,1.0455598,0.672121775,7,3,4,15,50.2468739,1.4040803,2.4331392,8.261294128,3.25,0.5,13,1,7,1,H
H1800,1,1,20,9,12,5,212,10,27,9,0.726914816,0.496392027,0.997271325,0.765561697,7,3,3,4,209.6339904,6.4893712,30.1867266,8.887687369,2.75,0.5,11,0,5,0,H
H1800,1,2,20,3,13,8,69,2,28,9,0.996156973,1.102396367,0.934467248,1.193872227,8,10,6,10,76.2673622,4.0092293,28.4076248,12.90677767,3,0,12,0,5,0,H
H1800,2,3,20,19,10,15,91,74,20,41,0.766522102,0.558951969,0.821713667,0.618191399,10,10,10,10,75.301307,43.7115002,18.6740681,27.74214037,6,1,72,0,5,0,H
H1800,2,4,8,3,3,18,31,4,2,70,0.660537778,0.2184125,0.4573595,1.222478372,7,7,8,6,23.6493526,1.4980857,1.5750901,90.32888007,3.5,0.5,14,0,5,0,H
H1800,3,5,20,2,4,2,104,1,5,2,0.656085147,0.77204415,0.982889567,0.795712167,2,5,4,1,71.0430635,2.168124,7.2234131,3.418564769,3.25,0,13,0,5,0,H
H1800,3,6,12,5,7,5,15,6,9,4,0.655287475,0.648465671,0.29031659,0.384788354,9,9,3,10,11.731671,5.5543177,4.9292819,2.656983669,5,0,20,0,5,0,H
H1800,4,7,20,4,7,3,98,4,12,4,0.525797751,0.67423856,0.279477523,0.219294534,2,2,1,2,53.3990542,4.493257,4.4612552,2.218536869,4.75,0,19,0,5,0,H
H1800,4,8,20,2,4,11,118,2,3,24,0.509012305,0.587366933,0.4845277,0.404983168,7,7,10,10,62.6975861,2.9631694,2.5591464,10.83737437,3,1,36,0,5,0,H
H1800,5,9,20,6,10,5,127,5,13,4,0.553562911,0.4293579,0.772044157,0.97345568,10,6,10,14,74.0692365,3.1061777,11.5586611,6.811096169,4.75,0,19,0,5,1,H
H1800,5,10,20,4,19,4,61,9,50,4,0.654650347,0.37602151,0.494910661,0.21841248,15,11,11,3,44.0545198,4.493257,26.7855321,2.077251969,4.75,0,19,0,5,1,H
H1800,6,11,19,3,4,15,44,2,4,35,0.87016088,0.5666991,0.38362194,0.871855425,15,4,15,14,40.3573083,2.3711356,2.2631295,33.15284197,4,1,48,1,5,1,H
H1800,6,12,20,5,20,12,66,8,63,32,0.84846644,0.5286969,0.675741781,0.976722521,10,10,10,6,60.0134326,5.3973087,45.1625832,34.47649207,5.5,0.5,22,1,5,1,H
H1800,7,13,20,4,20,4,76,4,42,7,0.970055484,0.19961142,0.605848609,0.327441421,6,7,13,7,74.9432865,1.7471,26.7695311,4.304627669,4,0,16,1,5,1,H
H1800,7,14,20,7,7,13,36,8,6,28,0.991651314,0.343241844,0.637322171,1.019368652,15,10,15,12,38.0011736,3.7912168,4.4612552,30.44263857,3.5,0.5,14,1,5,1,H
H1800,8,15,20,2,3,17,79,1,5,41,0.981056114,0.71804105,0.35618705,0.531678606,14,7,7,13,79.077523,1.7941026,2.1371223,23.96859517,3.75,0.5,15,1,5,1,H
H1800,8,16,19,2,10,5,43,2,11,15,0.712290739,0.301350567,0.968472058,0.298329563,15,15,12,4,32.0738345,1.9961142,12.3557067,6.156447869,3.75,0,15,1,5,1,H
H1800,9,17,17,4,13,3,55,7,16,4,0.603391657,0.263265062,0.803810682,0.722506574,3,3,7,7,34.7729889,2.6991544,14.5228306,4.346574869,4,1,48,1,5,1,H
H1800,9,18,20,6,12,2,95,7,15,1,0.508810354,0.446525538,0.564532288,0.91255225,14,10,14,4,50.3888821,4.19624,9.7655585,2.547541769,3.75,0,15,1,5,1,H
H1800,10,19,18,4,2,17,33,5,1,35,1.037441691,0.28601635,0.41302365,0.984069652,10,10,14,12,36.2700745,2.2781303,1.1850678,36.09854577,5.75,0.5,23,1,5,1,H
H1800,10,20,20,4,15,3,53,6,21,6,0.696780594,0.485742071,0.843866445,0.327590157,13,15,3,13,38.7972191,4.0092293,18.8760796,3.227824569,4,0,16,1,5,1,H
H1800,11,21,19,3,9,8,51,2,19,8,0.693289652,0.317351467,0.62553578,0.517007297,14,10,7,11,37.1751263,1.9351107,13.7897887,5.355105769,3.75,0,15,1,5,1,H
H1800,11,22,12,1,5,5,19,0,11,13,1.134064865,0.733042,0.254847908,0.287921941,3,3,12,3,24.336392,1.5120865,4.2272417,4.826952769,4.5,0,18,1,5,1,H
H1800,12,23,20,6,2,4,81,10,2,4,0.514029401,0.300653555,0.7437092,0.46482658,15,4,12,10,42.2914189,4.1652382,3.1981829,3.269312569,5.25,0,21,1,5,1,H
H1800,12,24,10,14,4,3,18,28,3,3,0.662511579,0.605172545,0.6082848,0.405523175,13,13,6,14,13.916796,18.9850859,3.3061891,3.203936369,5,0,20,1,5,1,H
H1802,1,1,20,8,18,20,88,19,84,99,0.314085382,0.51327936,0.3870692,0.437906766,5,5,8,9,48.5007741,12.5267165,36.9721147,56.25438927,5.5,0.5,22,0,6,0,H
H1802,1,2,20,8,2,6,54,8,2,8,0.312308775,1.203068811,0.775044333,0.377799389,7,6,6,4,21.2632162,16.0209163,3.7282133,4.235462771,5.25,0,21,0,6,0,H
H1802,2,3,15,12,4,9,51,27,19,77,0.23128246,0.330376036,0.400122895,0.147008408,1,10,10,1,14.1178075,9.6565523,8.8915086,12.58278267,5.25,0.5,21,0,6,0,H
H1802,2,4,7,5,6,10,25,11,13,10,0.201319208,0.338019342,0.153723079,0.123286979,3,9,4,5,5.6253218,5.6003203,2.7611579,1.964191471,4.5,0,18,0,6,0,H
H1802,3,5,18,15,9,8,73,100,37,31,0.262028499,0.179475611,0.162219805,0.130694975,4,3,3,2,21.8862518,20.5141733,7.0994061,4.803652071,4.5,0,18,0,6,0,H
H1802,3,6,20,14,6,19,219,42,13,129,0.22393099,0.254665728,0.093576779,0.148685428,6,7,1,6,54.3821105,11.6216647,1.9041089,21.11137897,4.75,0,19,0,6,0,H
H1802,4,7,19,2,19,4,102,2,105,7,0.229304378,0.208345267,0.269977707,0.162247746,6,4,6,1,23.7743598,1.3730786,33.8989389,1.937018471,5,0,20,0,6,0,H
H1802,4,8,11,12,20,1,30,29,167,0,0.291855403,0.320851683,0.248478497,0.7640437,7,9,3,3,10.997629,9.8295623,46.5646633,1.547784671,5,0,20,0,6,0,H
H1802,5,9,20,4,12,20,227,4,17,99,0.257260329,0.12180698,0.578144183,0.178780222,5,5,2,9,63.0406058,1.0770616,11.3556495,52.46959547,6,1,72,0,6,0,H
H1802,5,10,7,19,5,2,22,131,5,5,0.178401513,0.236149868,0.366687633,0.189677517,6,10,7,7,6.3343623,48.2037571,2.9661696,1.776955971,4.5,0.5,18,0,6,0,H
H1802,6,11,20,5,5,5,135,10,7,11,0.200040854,0.090732464,0.103380888,0.158166114,6,6,12,13,41.9483993,2.5271446,7.51943,2.272014771,5,0,20,0,6,1,H
H1802,6,12,11,3,19,17,36,12,116,108,0.233986357,0.181164208,0.302000179,0.244813514,14,11,7,11,12.8387344,2.9631695,36.5670915,27.04269367,5.25,0.5,21,0,6,1,H
H1802,7,13,20,7,8,8,169,15,30,26,0.243996309,0.196011212,0.113232281,0.128507006,11,13,6,6,41.5423761,4.4622552,4.6642668,3.765706171,3.75,0,15,1,6,1,H
H1802,7,14,20,20,5,20,77,127,20,188,0.282182806,0.20950417,0.238489833,0.2616326,14,10,14,15,23.1043215,27.3155624,5.4283105,94.90116117,5,0.5,20,1,6,1,H
H1802,8,15,16,6,5,4,58,8,6,4,0.305153046,0.337908211,0.198582786,0.181317694,11,13,13,14,21.7162421,3.0411739,1.3900795,1.704634171,4.75,0,19,1,6,1,H
H1802,8,16,14,7,9,7,57,13,9,8,0.274360522,0.123649936,0.32461856,0.312443108,3,6,3,3,17.3629931,1.7310991,3.2461856,5.369134271,4.5,0,18,1,6,1,H
H1802,9,17,20,5,4,4,63,4,5,3,0.32125275,0.18101036,0.143008183,0.208725968,11,14,14,7,22.5572902,1.4980857,0.8580491,1.208925271,4,0,16,1,6,1,H
H1802,9,18,15,5,3,9,29,12,7,12,0.408190013,0.271246292,0.078004462,0.165434359,4,3,10,10,13.4467691,4.1342365,1.3730785,2.509667171,3.75,0,15,1,6,1,H
H1834,1,1,19,3,5,18,87,4,28,86,0.396988617,0.17160982,0.208184321,0.274153004,4,3,4,4,58.6633553,0.8580491,6.0373453,24.91237206,2.75,0.5,11,0,6,0,H
H1834,1,2,11,18,7,4,29,79,25,18,0.198178003,0.351582609,0.648037065,0.161554288,2,9,1,2,10.1555809,28.1266087,16.8489637,3.069531465,4,0,16,0,6,0,H
H1834,2,3,20,2,7,3,137,1,9,2,0.343439935,0.46852675,0.80654614,0.377728022,5,8,1,1,48.3917678,1.0610607,8.0964631,1.133184065,3.5,0,14,0,6,0,H
H1834,2,4,18,4,11,14,71,4,30,33,0.606895824,0.087205,0.321082881,0.601110655,3,4,7,7,45.2715893,0.436025,9.9535693,20.67177556,5.25,0,21,0,6,0,H
H1834,3,5,11,1,17,17,18,0,32,36,1.080535484,0.5300304,0.836744827,0.914439672,4,4,3,3,20.5301742,0.5300304,27.6125793,33.83426786,3.75,0.5,15,0,6,0,H
H1834,3,6,20,2,1,11,125,1,0,38,0.632917153,0.3120178,2.6681527,0.455894948,6,5,5,7,79.7475613,0.6240356,2.6681527,17.77990296,4.5,0.5,18,0,6,0,H
H1834,4,7,15,20,5,19,27,180,4,52,0.758257657,0.389569243,0.17801018,0.669734145,9,1,2,2,21.2312144,70.512033,0.8900509,35.49590966,4,0,16,0,6,0,H
H1834,4,8,20,3,4,16,122,2,5,44,0.308326578,0.301683933,0.106506083,0.365698495,4,3,4,4,37.9241691,0.9050518,0.6390365,16.45643226,2,1,24,0,6,0,H
H1834,5,9,18,3,2,20,107,3,2,37,0.463526512,0.39777275,0.722708,0.619458791,5,5,9,2,50.0608633,1.591091,2.168124,23.63343936,3.75,0.5,15,0,6,0,H
H1834,5,10,20,2,13,9,79,1,38,11,0.751730499,0.1560089,0.832021949,0.77328788,8,10,1,10,63.4456289,0.3120178,32.448856,9.279454565,5,0,20,0,6,0,H
H1834,6,11,20,2,4,19,126,1,9,66,0.590120367,0.45152585,0.23551347,0.639415813,13,13,4,3,74.9452866,0.9030517,2.3551347,42.84085946,4.75,0,19,1,6,1,H
H1834,6,12,20,5,18,18,255,6,36,44,0.354172601,0.115863771,0.403914995,0.67230905,6,6,6,6,95.6604715,0.8110464,14.9448548,30.25390726,4,1,48,1,6,1,H
H1834,7,13,17,2,19,18,79,1,81,93,0.300717201,0.8655495,0.303968605,0.229332869,12,4,12,12,26.0364893,1.7631008,25.194441,21.83830566,2.5,0.5,10,1,6,1,H
H1834,7,14,17,4,2,18,65,5,1,84,0.27227315,0.283349533,0.53053035,0.318782941,11,7,7,13,21.4502269,1.7000972,1.0610607,32.66754586,3.75,0.5,15,1,6,1,H
H1834,8,15,20,2,12,20,96,1,32,137,0.600549812,0.4525259,0.507695703,0.376486778,3,10,3,12,59.4524005,0.9050518,17.1909833,55.79839516,4.5,0.5,18,1,6,1,H
H1834,8,16,17,4,5,11,60,3,7,32,0.400973752,0.132507575,0.3548953,0.432801008,4,4,15,4,25.0334319,0.5300303,2.8701642,14.64045376,2,1,24,1,6,1,H
H1834,9,17,19,7,6,19,153,16,8,106,0.379261953,0.236778253,0.407356622,0.455729928,4,4,10,15,58.5153469,4.0252303,3.6662096,48.87210846,2,1,24,1,6,1,H
H1834,9,18,19,3,4,15,51,2,3,26,0.581398638,0.145674967,0.397772775,0.793936902,13,13,6,11,30.5757489,0.4370249,1.5910911,21.43629636,4,0,16,1,6,1,H
H1834,10,19,15,3,5,2,34,3,6,1,0.424309986,0.351020075,0.323161329,0.255138182,7,7,7,7,14.8508495,1.4040803,2.2621293,0.510276365,3,1,36,1,6,1,H
H1834,10,20,20,3,6,5,91,2,7,6,0.650961146,0.145341633,0.620035475,0.708739238,15,3,11,10,60.9964888,0.9670553,6.8483917,5.039179065,3.75,0,15,1,6,1,H
H1834,11,21,18,5,5,8,99,15,8,25,0.407483306,0.243763937,0.436802756,0.394110814,4,12,4,4,43.6964993,4.1022347,4.056232,10.24688116,2,1,24,1,6,1,H
H1834,11,22,9,4,5,19,20,3,4,71,0.689372762,0.16000915,0.57703298,0.700706746,7,3,11,3,15.2878744,0.6710384,3.3701927,50.82908596,3.75,0.5,15,1,6,1,H
Hc1156,1,1,20,9,3,20,336,20,10,150,0.262201943,0.297969419,0.106278809,0.277793441,6,7,7,7,95.0824384,6.8963944,1.8091035,42.81985945,3.5,0.5,14,0,6,0,Hc
Hc1156,1,2,14,16,3,18,93,26,3,47,0.289431449,0.320685004,0.29651695,0.338665206,3,8,8,3,27.4095677,9.4375398,1.6540946,16.83387075,2.5,0.5,10,0,6,0,Hc
Hc1156,2,3,16,5,11,20,67,7,57,160,0.232616244,0.142258138,0.214098452,0.290285057,1,5,8,6,16.207927,1.8411053,12.8237335,48.17297625,4,1,48,0,6,0,Hc
Hc1156,2,4,20,4,18,17,175,4,102,55,0.278061359,0.14680842,0.283220084,0.46946689,2,2,2,4,50.7779043,1.8411053,30.2327292,26.94418315,3.5,0.5,14,0,6,0,Hc
Hc1156,3,5,7,16,19,18,37,80,204,93,0.237381989,0.176800237,0.211324282,0.309486311,5,1,4,6,11.5446603,15.0538611,44.1015224,30.09077065,5.25,0.5,21,0,6,0,Hc
Hc1156,3,6,20,15,8,8,125,70,24,13,0.309509767,0.292467435,0.55287162,0.629607436,10,10,10,3,40.404311,22.0432608,14.4298253,9.348521152,6,1,72,0,6,0,Hc
Hc1156,4,7,20,3,4,19,148,3,20,140,0.244463647,0.332019,0.106196548,0.305471374,8,7,7,6,36.8321067,1.8411053,2.2301275,44.04394165,4,1,48,0,6,0,Hc
Hc1156,4,8,18,7,6,20,125,18,8,317,0.269007452,0.271752389,0.213234422,0.20597011,9,5,1,1,39.3922531,5.7383283,2.2311276,67.49560935,5.75,0.5,23,0,6,0,Hc
Hc1156,5,9,6,20,14,19,37,60,78,129,0.147403168,0.322002028,0.290219132,0.282108899,9,8,8,8,5.7253275,20.4521698,23.8833661,37.97223115,3.5,0.5,14,0,6,0,Hc
Hc1156,5,10,20,6,16,19,321,8,173,160,0.235271221,0.152453167,0.181119554,0.200570479,5,6,6,5,80.6376122,1.8721071,32.6038648,32.80025045,6,1,72,0,6,0,Hc
Hc1156,6,11,20,3,18,8,228,2,196,21,0.220645808,0.1666762,0.252450988,0.193601982,5,5,1,7,50.7309016,0.5310304,49.8888535,5.089890552,5,0,20,0,6,1,Hc
Hc1156,6,12,20,10,14,13,147,40,84,52,0.222728955,0.148764607,0.245931716,0.207502434,10,3,10,2,32.9948872,6.3333622,21.3252198,12.06199045,6,1,72,0,6,1,Hc
Hc1156,7,13,10,12,7,19,35,40,17,102,0.218818072,0.231696178,0.184621672,0.262148904,2,1,1,8,8.689497,9.4995433,3.3231901,27.14134515,5.75,0.5,23,0,6,1,Hc
Hc1156,7,14,20,7,20,6,285,11,233,14,0.174649849,0.107839492,0.14493564,0.20257075,6,3,5,4,52.7900194,1.592091,34.5069737,3.367579952,5,0,20,0,6,1,Hc
Hc1156,8,15,20,4,4,3,133,5,4,3,0.253439868,0.208011917,0.25281446,0.194403338,7,8,7,1,34.3669657,1.2790732,1.2640723,0.777613352,3,1,36,0,6,1,Hc
Hc1156,8,16,15,7,14,20,87,10,78,210,0.147326608,0.246741391,0.117310505,0.163559118,2,6,4,2,14.0868057,2.8391624,11.0446317,35.49078515,5.75,0.5,23,0,6,1,Hc
Hc1156,9,17,9,3,20,12,46,9,159,116,0.099260996,0.14790846,0.150633615,0.142293717,10,2,2,10,4.7582721,2.3401339,24.4453982,17.38240675,6,1,72,0,6,1,Hc
Hc1156,9,18,20,4,4,19,175,6,20,112,0.198642043,0.0490028,0.109958667,0.210672062,5,6,3,6,37.1131228,0.8270473,2.605149,24.33397325,5.25,0.5,21,0,6,1,Hc
Hc1156,10,19,6,13,11,16,44,83,75,115,0.090138489,0.206880881,0.142047599,0.201063224,6,10,10,1,4.056232,18.2200421,11.3576496,24.09709935,5.75,0.5,23,0,6,1,Hc
Hc1156,10,20,18,8,16,14,125,35,102,65,0.161072705,0.104033725,0.207817712,0.190965468,5,2,2,2,21.8562501,3.8842222,22.1832688,13.18685475,5.5,0.5,22,0,6,1,Hc
Hc1156,11,21,20,2,10,18,296,1,48,60,0.210732592,0.43652495,0.111414535,0.289680527,7,1,7,5,63.149612,0.8730499,5.7883311,18.91858345,3,1,36,0,6,1,Hc
Hc1156,11,22,6,6,20,16,35,11,109,132,0.227929706,0.188594117,0.220521704,0.164317058,3,3,2,6,9.7195559,2.7921597,24.6794116,22.63421335,5.5,0.5,22,0,6,1,Hc
Hc1436,1,1,20,13,7,11,225,35,25,15,0.461721097,0.277321419,0.542377173,0.151008644,1,2,2,1,151.9156891,23.6323517,16.3019324,6.71441242,4,0,16,0,6,0,Hc
Hc1436,1,2,20,13,2,13,75,35,1,33,0.562347954,0.5495592,2.91666685,0.470762226,3,3,7,6,48.0637491,30.5137453,8.1274648,22.49601752,3,0,12,0,6,0,Hc
Hc1436,2,3,7,17,9,4,12,35,20,4,0.290401215,0.384549767,0.390784248,0.804642384,9,2,5,2,4.6022632,16.7859601,10.3585925,5.44229312,3,0,12,0,6,0,Hc
Hc1436,2,4,16,2,13,8,30,1,22,8,0.694459065,0.2885165,0.486375648,0.316503413,10,8,6,10,23.0103161,0.9980571,12.7297281,3.61257442,5,0,20,0,6,0,Hc
Hc1436,3,5,16,3,4,5,30,3,3,10,0.533869242,0.058503375,0.581033225,0.586570547,10,10,10,10,17.4880002,0.7960456,2.7611579,7.87335732,6,1,72,0,6,0,Hc
Hc1436,3,6,20,4,4,5,82,3,9,4,0.38505817,0.1677596,0.65373739,0.300162824,4,5,5,6,38.0331753,0.9050518,7.3944229,3.15390872,3,0,12,0,6,0,Hc
Hc1436,4,7,20,6,3,9,76,8,2,12,0.642062699,0.159564689,0.0623369,0.47072514,4,2,9,4,52.8220213,2.9951713,0.4990285,9.50562052,3,0,12,0,6,0,Hc
Hc1436,4,8,20,1,4,7,51,0,3,8,0.566282392,0.1880107,0.604534575,0.314077102,7,7,10,7,31.3557935,0.7960455,3.0891767,4.13576872,3.25,0.5,13,0,6,0,Hc
Hc1436,5,9,19,4,1,15,53,9,0,28,0.659519204,0.26841535,0.7950454,0.245698304,2,4,1,9,39.3122485,3.5572035,1.435082,9.33437732,3.5,0.5,14,0,6,0,Hc
Hc1436,5,10,20,2,11,8,72,1,17,14,0.345101925,0.51452945,0.62220225,0.380011421,7,7,7,10,28.9076534,1.0290589,12.885737,6.66822662,3.75,0.5,15,0,6,0,Hc
Hc1436,6,11,18,6,7,3,190,9,11,5,0.282120848,0.24491402,0.362604067,0.215845683,5,8,7,5,63.5866369,3.5722044,5.4283104,2.39285152,3.25,0,13,0,6,1,Hc
Hc1436,6,12,11,13,8,4,45,102,43,17,0.275037467,0.192661505,0.214489539,0.345797556,10,2,2,2,15.8809084,23.9453696,10.1245791,8.44351612,3.25,0.5,13,0,6,1,Hc
Hc1436,7,13,19,3,7,5,111,2,18,7,0.252121565,0.166342833,0.158430116,0.16123434,3,2,2,4,35.0690059,0.6390365,4.1972401,1.99191492,3,0,12,0,6,1,Hc
Hc1436,7,14,18,8,4,7,102,9,6,10,0.298046173,0.25121437,0.481456114,0.244746484,1,8,8,10,33.2439015,3.9312248,4.5242588,3.53525952,3.5,0,14,0,6,1,Hc
Hc1436,8,15,20,17,8,12,124,43,12,33,0.422704178,0.301380873,0.231628631,0.226491259,7,6,3,5,57.0652639,16.660953,4.0252302,9.08878212,4.25,0,17,0,6,1,Hc
Hc1436,8,16,20,4,5,5,95,3,6,4,0.340279881,0.207011825,0.851334414,0.17781016,1,2,8,10,36.8471075,2.2001258,6.6143784,1.91142982,3.25,0.5,13,0,6,1,Hc
Hc1436,9,17,19,4,12,9,80,7,34,32,0.3587983,0.374396413,0.474598574,0.257680285,7,7,1,1,31.9028247,3.1041776,17.6130074,9.14348602,5.5,0.5,22,0,6,1,Hc
Hc1436,9,18,19,7,16,8,69,13,48,13,0.485170611,0.278587364,0.426330508,0.452126009,5,5,9,3,36.785104,4.5242588,27.1765544,7.77784702,5.5,0,22,0,6,1,Hc
Hc1436,10,19,20,9,2,17,161,9,1,36,0.416770755,0.48052749,0.9055518,0.356290649,1,1,6,1,71.4170849,6.9883997,2.8701641,14.95908602,4.25,0,17,0,6,1,Hc
Hc1436,10,20,20,3,16,5,70,2,39,8,0.464533613,0.3590205,0.255464612,0.064471047,9,10,9,3,34.4139684,2.5901481,11.153638,1.65630092,3.75,0,15,0,6,1,Hc
Hc1436,11,21,18,8,5,3,126,13,6,4,0.221839461,0.197154136,0.118006757,0.248892044,3,7,3,3,28.5006302,3.6972114,1.5590892,2.14951202,4.25,0.5,17,0,6,1,Hc
Hc1436,11,22,20,6,10,10,150,8,27,19,0.287102514,0.251236567,0.174938579,0.346811116,6,8,10,2,43.6954993,2.8231614,5.2573007,7.73126772,3,1,36,0,6,1,Hc
Hc1436,12,23,12,11,9,4,33,29,22,4,0.303311471,0.48622781,0.291668852,0.513979404,6,6,5,7,11.3726505,16.1149217,8.7985032,4.03598082,4.75,0,19,0,6,1,Hc
Hc1436,12,24,19,9,8,6,92,19,10,8,0.347912373,0.27691584,0.605489173,0.441179269,8,2,8,1,34.2729603,6.3653641,7.5814336,4.73465712,3.25,0,13,0,6,1,Hc
Hc1436,13,25,9,1,19,6,14,0,75,5,0.451425827,0.4210241,0.386140511,0.292329303,5,5,5,3,11.4356541,0.9510544,31.0127738,2.83003742,5.5,0,22,0,6,1,Hc
Hc1436,13,26,20,11,19,5,130,18,50,6,0.326873658,0.376021505,0.339901794,0.276618031,7,1,1,7,46.628667,11.01363,18.6580671,2.73137172,4,0,16,0,6,1,Hc
Hc1436,14,27,8,13,16,5,18,32,32,8,0.494186153,0.456177603,0.349747273,0.227235222,5,8,3,8,10.4675987,15.787903,12.4797138,3.05966102,5.5,0,22,0,6,1,Hc
Hc1436,14,28,4,10,15,5,6,22,48,6,0.436739257,0.350672235,0.383981141,0.453343874,7,1,4,9,4.1032347,9.4845425,19.8901376,4.00045442,5,0.5,20,0,6,1,Hc
Hc1620,1,1,20,4,7,12,1240,5,28,37,0.190807852,0.393022483,0.207632569,0.205497424,4,4,2,2,241.535815,3.1981829,6.4273677,7.80890212,2.5,0.5,10,0,5,0,Hc
Hc1620,1,2,20,6,17,6,443,21,116,25,0.193945778,0.128370982,0.15427378,0.284043589,9,7,8,3,86.1119253,3.058175,18.3460493,7.38513332,3.75,0,15,0,5,0,Hc
Hc1620,2,3,20,6,7,6,378,8,9,10,0.159499888,0.109339578,0.12010687,0.15309492,9,9,5,3,60.4504576,1.1080633,1.2010687,1.68404412,3.5,0.5,14,0,5,0,Hc
Hc1620,2,4,20,7,4,4,476,9,3,5,0.174217512,0.14350821,0.288516525,0.326129787,6,4,1,6,83.1017531,1.6690955,1.3260759,1.95677872,4,1,48,0,5,0,Hc
Hc1620,3,5,20,6,6,19,730,8,11,164,0.179069066,0.1647872,0.200178117,0.199116238,10,10,10,10,131.0404951,2.1221214,2.6361508,32.85417932,6,1,72,0,5,0,Hc
Hc1620,3,6,20,7,5,4,495,11,7,4,0.145054667,0.163842708,0.175510037,0.446964004,5,8,8,5,72.0101187,2.4341393,1.4040803,2.23482002,6,1,72,0,5,0,Hc
Hc1620,4,7,19,7,4,6,209,12,3,8,0.215355175,0.184856731,0.48352765,0.32066788,8,6,6,8,45.2245867,2.4031375,1.9341106,2.88601092,4,1,48,0,5,0,Hc
Hc1620,4,8,20,8,7,19,666,8,13,134,0.20373729,0.381577378,0.148008464,0.199460838,9,5,4,5,143.381201,3.4341964,2.0721185,26.92721312,6,1,72,0,5,0,Hc
Hc1620,5,9,20,6,6,18,561,12,16,167,0.204549066,0.108006177,0.061474106,0.157067071,10,10,10,10,117.5467233,1.9971142,1.0450598,26.38726792,6,1,72,0,5,1,Hc
Hc1620,5,10,20,7,5,18,524,12,11,110,0.206571815,0.138007892,0.100089058,0.154938297,1,1,8,5,110.5113209,1.7941026,1.2010687,17.19815092,4.75,0.5,19,0,5,1,Hc
Hc1620,6,11,20,6,3,20,617,11,5,150,0.172459702,0.208011892,0.314518,0.162330076,5,1,1,5,113.0224645,2.4961427,1.887108,25.30788692,5.25,0.5,21,0,5,1,Hc
Hc1620,6,12,20,4,6,4,321,3,8,6,0.207306888,0.331518975,0.152564278,0.229185517,3,7,3,9,66.7838198,1.3260759,1.3730785,1.60429862,4,1,48,0,5,1,Hc
Hc1620,8,15,20,3,7,3,339,6,15,3,0.208491337,0.251871543,0.255452112,0.180695055,6,6,5,4,70.8870545,1.7631008,4.0872338,0.72278022,6,1,72,0,5,1,Hc
Hc1620,8,16,20,6,5,20,319,11,13,158,0.221715806,0.137841217,0.167080986,0.216863708,7,7,10,3,70.949058,1.6540946,2.3391338,34.48132962,6,1,72,0,5,1,Hc
Hc1620,9,17,19,4,5,5,138,5,4,7,0.337141586,0.143341533,0.26781532,0.142006065,10,10,10,8,46.8626804,0.8600492,1.3390766,1.13604852,6,1,72,0,5,1,Hc
Hc1620,9,18,20,13,3,4,490,64,4,3,0.215513345,0.282477695,0.24621408,0.209675155,7,7,7,4,105.8170524,18.3610502,1.2310704,0.83870062,2,1,24,0,5,1,Hc
Hc1620,10,19,18,5,4,4,115,5,4,8,0.259816584,0.338019333,0.21541232,0.143346813,2,10,4,1,30.1387238,2.028116,1.0770616,1.29012132,6,1,72,0,5,1,Hc
Hc1620,10,20,19,4,4,4,222,5,3,3,0.452752353,0.231346567,0.3862721,0.283748055,6,5,7,7,100.9637748,1.3880794,1.5450884,1.13499222,3,1,36,0,5,1,Hc
Hc1620,11,21,19,5,6,5,130,7,10,6,0.425604496,0.222262712,0.133371264,0.213833374,2,1,6,6,55.754189,1.7781017,1.4670839,1.49683362,4,1,48,0,5,1,Hc
Hc1620,11,22,19,4,8,4,200,5,19,5,0.361906272,0.319851633,0.21526231,0.253017587,7,10,10,3,72.7431607,1.9191098,4.3052462,1.51810552,6,1,72,0,5,1,Hc
HL1417,1,1,20,4,2,17,325,5,2,67,0.395942893,0.231346567,0.5043622,0.243160968,10,8,8,8,174.7369944,2.028116,2.1371223,24.40161417,4.25,0,17,0,6,0,HL
HL1417,1,2,20,6,9,2,43,9,16,1,0.861572005,0.58313334,0.353255488,0.7645437,5,1,4,4,39.7962762,6.7393855,9.4845425,2.66176797,4.75,0,19,0,6,0,HL
HL1417,2,3,10,5,11,10,15,6,25,23,0.7272916,0.532744743,0.758427996,0.788420096,10,4,10,10,13.1507522,4.4302534,20.717185,19.83227207,6,1,72,0,6,0,HL
HL1417,2,4,17,5,3,3,56,6,3,4,0.694601135,0.086862114,0.647537025,1.019438174,5,3,6,5,41.7303868,1.0770616,3.8222186,5.90823727,5,0,20,0,6,0,HL
HL1417,3,5,20,4,2,3,100,7,1,2,0.446867147,0.31201785,0.6550375,0.567032433,5,5,6,8,47.6897277,3.338191,1.7621007,2.62110077,3.5,0.5,14,0,6,0,HL
HL1417,3,6,20,7,8,8,69,8,9,10,0.670852653,0.3899112,0.49292819,0.700127715,4,9,10,9,48.6877847,4.7262704,5.6323221,8.37244327,4.5,0,18,0,6,0,HL
HL1417,4,7,20,3,3,14,65,3,8,32,0.68470583,0.43277475,0.209678656,0.479362008,6,2,5,6,48.5007741,2.3871366,2.4331391,17.53904467,3,1,36,0,6,0,HL
HL1417,4,8,20,2,6,9,94,1,10,10,0.432172087,1.21706965,0.401295682,0.717440834,4,7,4,9,43.2564741,2.9331678,4.9922855,9.26592767,2.75,0.5,11,0,6,0,HL
HL1417,5,9,16,3,3,12,123,5,8,50,0.299299377,0.16134255,0.195900089,0.402277914,8,10,8,8,38.2981906,1.3730785,2.2311276,22.09811347,2,1,24,0,6,0,HL
HL1417,5,10,20,3,3,9,125,8,2,16,0.345559447,0.140452478,0.457692833,0.340431235,9,5,7,5,43.5714921,2.2631295,1.9021088,6.74887067,5,0.5,20,0,6,0,HL
HL1417,6,11,18,5,3,13,109,9,2,87,0.38304009,0.06710384,0.457359467,0.157236267,2,2,5,5,42.2434161,1.3260759,1.9341106,14.98012307,5.25,0.5,42,0,6,1,HL
HL1417,6,12,20,16,6,4,193,69,10,5,0.303476121,0.228184479,0.2850163,0.27568245,4,7,3,4,59.5924085,16.8949663,3.7282132,2.00651247,3.5,0.5,28,0,6,1,HL
HL1417,7,13,20,4,7,5,147,9,17,13,0.343310177,0.07930454,0.224512844,0.140365171,7,10,10,10,51.1369249,1.2630723,4.6642667,3.12652517,3,1,36,0,6,1,HL
HL1417,7,14,16,5,11,6,80,9,29,12,0.523079301,0.14960856,0.61726864,0.284799121,9,8,2,5,43.3994823,2.2931312,18.6580672,4.77845007,5.25,0.5,42,0,6,1,HL
HL1417,8,15,20,7,9,7,150,20,22,18,0.3872142,0.242156705,0.31671377,0.3941278,6,2,8,2,58.8283648,5.9283391,7.9864568,8.32999857,4.75,0,19,0,6,1,HL
HL1417,8,16,7,3,1,8,66,3,0,37,0.261925428,0.22626295,0.2960169,0.180641911,9,4,7,3,18.392052,1.6540946,0.8110464,7.63121847,3.75,0.5,30,0,6,1,HL
HL1417,9,17,20,5,4,12,105,9,5,38,0.505377963,0.27931598,0.1715098,0.266786317,2,3,10,6,53.9290846,3.5572034,1.5290875,11.19971187,4.75,0.5,38,0,6,1,HL
HL1417,9,18,10,2,8,3,83,1,17,12,0.290457089,0.2185125,0.472360356,0.499259323,5,5,5,1,25.1474384,1.1080634,9.0635184,6.99694667,5.75,0.5,46,0,6,1,HL
HL1417,10,19,20,8,8,11,103,8,11,20,0.511808119,0.332796811,0.436858317,0.618797295,3,9,4,4,53.6180668,3.7902168,5.2422998,13.88785657,3.75,0.5,30,0,6,1,HL
HL1417,10,20,18,11,7,8,68,23,10,18,0.515725149,0.368521075,0.709131473,0.448288795,5,5,6,5,35.8180487,9.5155443,7.8944515,9.51991357,6,1,72,0,6,1,HL
HL1417,11,21,19,4,17,12,152,5,56,28,0.282728589,0.39252245,0.321860514,0.24366911,1,1,2,2,43.9925162,3.0101722,18.5800627,7.89878687,5.5,0,22,0,6,1,HL
HL1417,11,22,20,10,5,6,110,12,10,29,0.360083659,0.356481931,0.354565727,0.269775352,3,10,4,6,40.9973449,5.3353052,4.2902454,9.09131767,5.5,0.5,44,0,6,1,HL
HL1417,12,23,20,6,11,6,75,7,31,12,0.598744772,0.382146863,0.458244963,0.556184667,5,6,5,8,47.3307071,3.4631981,14.7258423,7.66742567,5.75,0.5,46,0,6,1,HL
HL1417,12,24,20,8,6,2,81,14,15,1,0.628914022,0.330685573,0.339331906,0.832587435,9,3,10,10,52.7910194,5.5693186,5.6633239,2.42921857,4.75,0,19,0,6,1,HL
HL1417,13,25,20,6,5,14,80,12,6,23,0.554871243,0.214781508,0.272015543,0.512693778,8,10,8,10,45.0685778,3.5562034,2.3401338,12.30465067,5,0.5,40,0,6,1,HL
HL1417,13,26,20,2,11,6,78,1,18,10,0.536537016,1.1465656,0.477027284,0.326200482,6,1,1,6,43.0244608,3.0731758,9.4225389,3.79264617,4.75,0.5,38,0,6,1,HL
HL1417,14,27,10,3,6,10,25,2,10,27,0.490797304,0.2650152,0.479391055,0.473202406,6,2,1,5,12.7917316,1.3260759,5.2733016,13.67069137,4.5,0.5,36,0,6,1,HL
HL1417,14,28,6,3,5,13,29,4,9,36,0.265181833,0.16540946,0.55693186,0.481077837,3,3,3,3,8.6254933,0.9060519,6.0983488,18.42391577,5.25,0.5,42,0,6,1,HL
HL1595,1,2,8,13,8,15,10,87,13,51,0.7798628,0.413080444,0.241799543,0.281746881,6,7,4,7,11.0446317,37.9551709,3.619207,17.93449367,4.25,0,17,0,6,0,HL
HL1595,2,3,14,16,20,20,44,41,145,134,0.348397704,0.30830335,0.230478935,0.380302774,3,9,8,7,15.8499066,13.322762,36.2860755,52.64994927,3.25,0,13,0,6,0,HL
HL1595,2,4,11,11,12,18,12,46,34,115,0.628959054,0.153689643,0.440825214,0.316576501,1,2,2,4,9.0015148,7.5504319,15.786903,37.47291687,2.75,0.5,11,0,6,0,HL
HL1595,3,5,16,16,2,20,40,76,1,169,0.508004668,0.249572717,0.1715098,0.319259436,3,7,8,7,21.0922064,20.3111617,0.8270473,56.14103977,3.25,0,13,0,6,0,HL
HL1595,3,6,17,4,18,18,44,4,103,43,0.213923347,0.54603124,0.296891981,0.35133517,2,2,9,9,9.7195559,2.7301562,31.5738059,16.28679477,3.5,0,14,0,6,0,HL
HL1595,4,7,17,19,4,19,57,109,6,119,0.315776683,0.301762715,1.103063086,0.234855878,3,4,6,3,18.3470494,34.022946,8.689497,29.58978577,3.25,0,13,0,6,0,HL
HL1595,4,8,19,10,15,3,106,14,83,2,0.24565891,0.45962628,0.234013385,0.318489856,9,2,5,5,26.5835205,7.1604095,20.0771484,1.110478467,4.75,0,19,0,6,0,HL
HL1595,5,9,17,18,7,13,72,114,18,41,0.236136793,0.279989928,0.316912858,0.342532425,1,10,4,1,17.2379859,33.0408899,8.6584952,15.55542877,3.75,0,15,0,6,0,HL
HL1595,5,10,19,18,10,12,135,94,41,36,0.183076649,0.133818181,0.1489609,0.219173945,9,8,2,8,27.2545588,15.2568727,6.9573979,8.857478667,2.5,0,10,0,6,0,HL
HL1595,6,11,19,9,19,11,99,11,118,16,0.455846074,0.179426925,0.197423056,0.247182733,5,5,5,5,45.7246153,2.8701641,24.2113848,4.874144967,6,1,72,0,6,1,HL
HL1595,6,12,18,18,18,19,99,112,88,122,0.213722225,0.241031485,0.35441353,0.327095776,6,10,6,1,22.6512956,28.1426097,32.1988417,41.20083587,4.25,0.5,34,0,6,1,HL
HL1595,7,13,20,2,20,9,110,1,163,15,0.207831707,0.23351335,0.204426328,0.222450554,5,6,4,2,23.0693195,0.6380365,34.9439987,3.559208867,4.5,0,18,0,6,1,HL
HL1595,7,14,20,20,11,17,139,194,34,84,0.216955266,0.247126954,0.196125503,0.282410649,9,9,9,3,30.4047391,48.5317758,7.3634212,24.00490517,3.75,0,15,0,6,1,HL
HL1595,8,15,20,15,13,12,153,46,44,52,0.161756005,0.137412115,0.151830907,0.316131289,8,8,10,8,24.9104248,6.4583694,7.238414,17.05777867,2.25,0.5,18,0,6,1,HL
HL1595,8,16,14,9,10,20,28,17,20,127,0.308776283,0.18895525,0.34321011,0.339979226,6,3,2,2,8.9545122,3.4011945,7.7534435,43.75135437,3.5,0.5,28,0,6,1,HL
HL1595,9,17,8,20,14,9,15,148,64,15,0.156008925,0.272948497,0.142562003,0.174011867,9,5,4,9,2.4961428,40.6693261,9.859564,3.439227367,3.25,0,13,0,6,1,HL
HL1595,9,18,19,6,20,20,105,9,148,274,0.197209392,0.14350821,0.177258461,0.202047501,7,3,7,10,20.9041956,1.4350821,26.5515187,55.93708387,3.25,0.5,26,0,6,1,HL
HL1595,10,19,20,10,4,19,283,23,4,134,0.177918627,0.141716438,0.15920912,0.153364175,7,7,7,3,50.5288901,3.4321963,0.7960456,21.09318597,3.5,0.5,28,0,6,1,HL
HL1595,10,20,17,12,13,16,78,35,24,80,0.19687202,0.228818644,0.406823268,0.191183386,8,8,8,8,15.5528896,8.2374712,10.2485861,15.81287307,2.25,0.5,18,0,6,1,HL
HL1595,11,21,18,13,10,18,76,69,28,67,0.180309014,0.189196536,0.190941955,0.164048369,5,6,4,5,13.8837941,13.2757594,6.1773533,12.46636397,2.5,0,10,0,6,1,HL
HL1595,11,22,19,13,4,12,179,38,16,18,0.219268097,0.32519809,0.203717535,0.101006146,3,8,8,8,39.4682574,12.9787424,3.760215,2.495149767,3.75,0,15,0,6,1,HL
HL1645,1,2,20,4,15,5,137,9,42,5,0.134971488,0.06710383,0.350020023,0.314518,5,5,9,8,19.0160877,0.9360535,16.3959378,3.269911035,4.5,0,18,0,6,0,HL
HL1645,2,3,18,3,9,13,75,3,11,19,0.355928253,0.090505175,0.722541325,0.639596567,10,6,6,10,27.3155624,0.892051,8.6704959,13.38396523,5.5,0.5,22,0,6,0,HL
HL1645,3,5,14,3,15,17,35,3,36,64,0.607923658,0.05850335,0.490325343,0.360282146,6,6,7,1,21.9162535,0.8900509,18.6880689,25.20876003,3.5,0.5,14,0,6,0,HL
HL1645,3,6,20,1,13,6,130,0,21,9,0.54756567,0.9200526,0.692085041,0.128288233,2,3,5,5,72.6031527,1.6070919,15.8499066,2.046926035,3.75,0,15,0,6,0,HL
HL1645,4,7,20,3,12,10,105,2,17,15,0.414136895,0.176676767,0.498361839,0.464225933,10,10,1,10,43.9615145,1.1380651,10.1245791,7.926643435,5.5,0.5,22,0,6,0,HL
HL1645,4,8,20,3,4,19,86,4,8,32,0.639427378,0.19361106,0.069226178,0.537030715,8,7,9,9,56.3792247,1.9341106,1.0290589,18.12661663,5.5,0.5,22,0,6,0,HL
HL1645,5,9,20,4,2,18,150,10,1,39,0.396201469,0.202829782,0.5465313,0.334229283,4,4,1,1,59.8884254,2.9641695,2.1691241,14.10221323,4.25,0.5,17,0,6,0,HL
HL1645,5,10,20,4,5,18,134,3,7,46,0.379718015,0.2687654,0.0507529,0.375704501,9,9,5,8,51.261932,1.6690955,0.87405,18.15714003,3.5,0.5,14,0,6,0,HL
HL1645,6,11,20,6,16,9,147,20,44,49,0.512279301,0.12553099,0.139385749,0.152888744,1,2,6,6,75.9723454,3.4311963,7.1304078,8.858647435,2.5,0.5,20,0,6,1,HL
HL1645,6,12,20,6,8,18,122,31,14,97,0.360955605,0.133538887,0.221479333,0.222849482,9,3,10,10,44.4295412,5.06929,4.353249,22.98993643,5.5,0,22,0,6,1,HL
HL1645,7,13,20,2,3,8,154,1,2,19,0.337264452,0.3980228,0.254681233,0.365689357,10,10,7,9,52.3069918,1.3570776,1.4670839,7.938822935,5,0.5,40,0,6,1,HL
HL1645,7,14,20,4,12,5,296,8,31,8,0.260998093,0.098783433,0.374833937,0.384799789,4,3,2,5,77.5164337,1.591091,12.4957147,3.979960735,3,0.5,24,0,6,1,HL
HL1645,8,16,20,3,19,1,145,2,65,0,0.523345002,0.078004467,0.246468642,1.3100748,4,2,1,9,76.6443838,0.7020402,17.1739823,2.307294435,5.5,0.5,44,0,6,1,HL
HL1645,9,17,10,2,2,20,44,3,5,147,0.304017389,0.1012558,0.205345083,0.200206427,8,5,8,7,13.9928003,0.8580491,1.2320705,29.63055123,5.5,0.5,44,0,6,1,HL
HL1645,9,18,20,3,4,2,179,2,3,1,0.207828553,0.202678267,0.136007775,0.1560089,10,3,2,10,37.5501477,1.0600607,1.0300589,0.873504735,6,1,72,0,6,1,HL
HL1645,10,20,20,2,3,15,362,1,13,45,0.250843548,0.5845335,0.085790621,0.218077693,9,5,5,9,91.5872385,2.8241615,1.2630722,10.87451123,5.75,0.5,46,0,6,1,HL
HL1645,11,21,20,2,3,3,99,1,4,7,0.37642153,0.74904285,0.28701642,0.265870017,5,5,5,2,38.0641772,2.0901195,1.9031089,2.626988735,6,1,72,0,6,1,HL
HL1645,11,22,20,2,3,8,124,1,4,11,0.553735672,0.58503345,0.17461,0.417273867,1,9,9,9,71.0110616,1.888108,1.3100749,5.955484535,5.25,0.5,42,0,6,1,HL
HL1645,12,23,14,3,3,4,18,5,2,3,0.601034379,0.052336317,0.176676767,0.151965884,10,10,10,9,11.4196532,0.7330419,1.0760616,0.607863535,6,1,72,0,6,1,HL
HL1645,12,24,20,17,5,4,160,42,11,3,0.437751747,0.185033837,0.061086825,0.139758,2,8,8,8,70.9490581,8.9545121,1.4040803,1.233971235,3.5,0.5,28,0,6,1,HL
HL1645,13,25,20,3,6,8,189,2,11,18,0.263551916,0.114673233,0.1130898,0.168591391,4,10,9,10,52.5250043,0.9050518,1.7941026,3.530255135,6,1,72,0,6,1,HL
HL1645,13,26,20,8,1,13,158,24,0,30,0.49831781,0.166649532,0.6080348,0.193236858,5,8,8,6,80.3555961,4.6652668,0.8110464,6.444061235,5.25,0.5,42,0,6,1,HL
HL1654,1,1,20,8,13,9,376,9,44,27,0.371878034,0.15600892,0.29988382,0.34518251,2,1,5,1,140.1980189,1.5600892,13.4947719,9.665110291,2.75,0.5,11,0,5,0,HL
HL1654,1,2,20,7,17,8,56,6,47,7,0.614982544,0.307589029,0.611972502,0.601076099,6,10,8,8,35.054005,2.1531232,29.3746801,4.808608791,4,0,16,0,5,0,HL
HL1654,2,3,20,4,5,4,184,4,6,4,0.500298886,0.28701642,0.289873714,0.517019398,4,4,10,7,92.5552939,1.4350821,2.029116,2.585096991,3.25,0,13,0,5,0,HL
HL1654,2,4,20,4,3,17,84,3,2,42,0.54381934,0.276015775,0.3796884,0.557745928,8,6,5,2,46.2246439,1.1040631,1.1390652,23.98307489,2.25,0.5,9,0,5,0,HL
HL1654,3,5,20,4,3,7,106,3,3,9,0.402247307,0.36277075,0.53428055,0.194033009,7,7,6,6,43.0404618,1.451083,2.1371222,1.940330091,2.75,0.5,11,0,5,0,HL
HL1654,3,6,20,4,12,11,165,6,23,24,0.438211811,0.267443871,0.618827063,0.273518912,2,9,9,9,72.7431607,1.8721071,14.8518495,6.837972791,3.5,0,14,0,5,0,HL
HL1654,4,7,20,7,7,6,265,9,7,10,0.467650808,0.36972115,0.46602665,0.304801754,2,9,3,9,124.395115,3.6972115,3.7282132,3.352819291,3.5,0,14,0,5,0,HL
HL1654,4,8,20,4,3,6,98,3,2,10,0.509918055,0.241763825,0.379688367,0.779320454,7,6,5,7,50.4818874,0.9670553,1.1390651,8.572524991,3.5,0.5,14,0,5,0,HL
HL1654,5,9,20,16,14,8,234,36,27,34,0.340147115,0.509758886,0.478027339,0.194943134,7,7,10,10,79.934572,18.8610788,13.3847655,6.823009691,4.75,0,19,0,5,1,HL
HL1654,5,10,20,2,13,5,103,4,16,5,0.685048798,0.23101322,0.363373724,0.217837865,9,9,9,2,71.245075,1.1550661,6.1773533,1.307027191,4,0,16,0,5,1,HL
HL1654,6,11,20,4,3,5,104,3,2,6,0.570365956,0.409523425,0.509695833,0.204157256,3,7,9,3,59.8884254,1.6380937,1.5290875,1.429100791,4,1,48,0,5,1,HL
HL1654,6,12,20,4,7,6,106,4,6,8,0.694600477,0.32381852,0.5103149,0.635821666,6,1,1,5,74.322251,1.6190926,3.5722043,5.722394991,4,1,48,0,5,1,HL
HL1654,7,13,20,5,4,14,167,5,3,34,0.590206377,0.382188533,0.308017625,0.507463288,1,8,6,7,99.1546713,2.2931312,1.2320705,17.76121509,3.5,0,14,0,5,1,HL
HL1654,7,14,19,1,4,6,77,0,4,11,0.583392342,0.6560376,0.23401338,0.633866416,9,9,9,9,45.5046027,0.6560376,1.1700669,7.606396991,3.75,0.5,30,0,5,1,HL
HL1654,8,15,20,7,7,14,119,7,11,39,0.565749026,0.157884025,0.137841217,0.330245962,3,2,2,10,67.8898831,1.2630722,1.6540946,13.20983849,2.75,0.5,22,0,5,1,HL
HL1654,8,16,20,5,12,14,95,10,45,25,0.629692267,0.2722883,0.184880141,0.280341638,8,8,9,1,60.4504576,2.9951713,8.5044865,7.288882591,2,1,24,0,5,1,HL
HL1654,9,17,20,4,3,2,154,4,2,1,0.480079072,0.18721072,0.244347333,0.674224945,9,5,9,9,74.7392748,1.4980857,1.3730785,1.739472291,4,1,48,0,5,1,HL
HL1654,9,18,20,4,5,3,104,6,5,3,0.362963618,0.196011214,0.150841967,0.829733223,4,4,10,4,38.1111799,1.5290874,1.3720785,3.318932891,3,1,36,0,5,1,HL
HL1654,10,19,20,9,5,12,135,9,7,18,0.5640102,0.52262989,0.497278463,0.533017678,9,2,1,2,76.736389,5.6633239,4.0092294,10.45435459,2.75,0.5,22,0,5,1,HL
HL1654,10,20,20,3,5,2,82,2,4,1,0.620469224,0.239347033,0.23381338,0.49902855,8,8,8,8,51.4989456,1.0740615,1.4970856,1.106559791,2,1,24,0,5,1,HL
HL1654,11,21,20,4,3,5,141,3,2,5,0.488112425,0.15800905,0.2703488,0.368311548,5,5,8,8,69.3119644,1.2630723,1.3730785,2.381879191,6,1,72,0,5,1,HL
HL1654,11,22,20,2,2,4,79,1,2,5,0.53763075,0.16350935,0.088338367,0.672848015,7,9,1,9,43.0414618,0.8890508,0.6710384,4.209097991,3.5,0.5,28,0,5,1,HL
HL1654,12,23,20,3,3,14,152,2,3,22,0.522448183,0.275682433,0.343019625,0.501722052,5,5,5,5,79.934572,1.2950741,1.3720785,11.77362059,6,1,72,0,5,1,HL
HL1654,12,24,19,5,11,7,67,6,22,9,0.564811718,0.296445529,0.402196917,0.749987749,4,6,4,7,38.5012022,2.7771588,9.5155443,7.499877491,4.5,0,18,0,5,1,HL
HL1949,1,1,20,6,12,19,115,9,51,75,0.615448994,0.32121837,0.261284175,0.388351159,2,3,10,4,91.1672144,6.2553578,15.053861,37.50411215,3,1,36,0,6,0,HL
HL1949,1,2,20,3,3,18,64,3,3,57,0.535646022,0.109256225,0.43277475,0.71504154,7,5,7,7,44.6325529,1.6690954,2.6211499,43.95755145,3,1,36,0,6,0,HL
HL1949,2,3,20,5,4,18,91,6,3,75,0.636242913,0.244871143,0.682539025,0.382403451,3,4,4,5,61.9345425,2.5561462,3.8382195,30.84242955,2.5,0.5,10,0,6,0,HL
HL1949,2,4,20,2,17,2,92,3,39,1,0.675350457,0.343269625,0.687989348,0.214408774,8,8,9,8,63.9446575,2.9011659,29.1726686,1.255864848,2.5,0.5,10,0,6,0,HL
HL1949,3,5,20,12,11,13,93,57,24,33,0.685890298,0.132059278,0.141008064,0.372080097,2,2,4,4,65.7227591,8.5644899,3.6662097,13.93176845,3.25,0.5,13,0,6,0,HL
HL1949,3,6,20,2,12,17,79,1,45,108,0.554206699,0.3430196,0.214968817,0.245004839,7,8,3,3,45.6456108,0.7800446,13.8527923,33.82130535,5,1,60,0,6,0,HL
HL1949,4,7,17,6,8,6,191,18,39,5,0.210032847,0.102690089,0.314743002,0.214729258,5,8,6,8,42.2454163,2.7921597,13.8377915,1.990415648,3.25,0,13,0,6,0,HL
HL1949,4,8,6,17,7,4,23,49,11,5,0.364645854,0.268575362,0.135424408,0.070170683,1,9,7,10,8.7515005,17.6590101,2.2311276,0.629488348,4.5,0,18,0,6,0,HL
HL1949,5,9,20,7,2,18,247,25,1,86,0.299170339,0.242283088,0.46802675,0.401275826,10,10,10,4,76.8453953,7.0044007,1.4350821,37.77107785,5.5,0.5,22,0,6,0,HL
HL1949,5,10,20,6,3,19,107,7,3,50,0.399846942,0.200761475,0.366520975,0.610953819,9,5,5,9,44.3355358,2.3551347,1.4660839,37.22999195,3,1,36,0,6,0,HL
HL1949,6,11,20,3,10,5,285,2,28,8,0.310035215,0.2810161,0.504028828,0.177360083,1,10,10,10,90.1211546,0.9990572,14.6788396,1.815253248,4.25,0.5,34,0,6,1,HL
HL1949,6,12,19,5,15,14,117,6,47,38,0.274058048,0.2005829,0.469631027,0.326018649,6,8,5,5,32.3388497,1.4040803,22.5422893,13.43970205,4,1,48,0,6,1,HL
HL1949,7,13,20,3,5,19,304,2,5,132,0.238862844,0.4096901,0.299183767,0.185898018,5,9,9,9,74.6132677,1.8691069,1.8261044,26.31752735,4.5,0.5,36,0,6,1,HL
HL1949,7,14,18,4,9,5,111,7,11,10,0.290132669,0.111256363,0.174176633,0.098432823,10,6,6,10,33.4309122,0.8900509,2.168124,1.082761048,3,1,36,0,6,1,HL
HL1949,8,15,20,7,5,19,179,12,10,79,0.342091787,0.268553823,0.208466464,0.367261781,4,6,4,4,64.2566752,4.929282,2.2931311,30.29599485,2,1,24,0,6,1,HL
HL1949,8,16,20,7,6,13,213,8,17,35,0.254098647,0.175010011,0.175954506,0.226313726,10,7,7,8,56.280219,2.0751187,3.4941998,9.051345848,6,1,72,0,6,1,HL
HL1949,9,17,20,4,3,4,145,4,3,6,0.202271842,0.16840962,0.4562761,0.270570421,7,10,7,1,33.165897,2.1061204,1.8251044,2.096004548,3,1,36,0,6,1,HL
HL1949,9,18,20,6,8,16,318,15,12,87,0.265933706,0.470839431,0.196857415,0.242296533,4,5,3,2,87.8750262,8.1584666,2.5591464,21.55610835,3.25,0.5,26,0,6,1,HL
HL1949,10,19,19,6,4,19,137,6,3,68,0.387036631,0.336590686,0.47977745,0.362498622,7,6,10,7,59.0303764,2.465141,2.6831535,28.07158005,6,1,72,0,6,1,HL
HL1949,10,20,19,5,10,9,154,10,16,17,0.253524177,0.147190236,0.589092529,0.135700808,4,4,4,5,43.4334842,1.6660953,11.0296309,2.739631548,2,1,24,0,6,1,HL
HL1949,11,21,20,6,17,19,265,8,59,102,0.264556485,0.253125589,0.248547548,0.276834517,7,8,1,5,70.3720251,2.2781303,14.9128529,28.51395525,6,1,72,0,6,1,HL
HL1949,11,22,19,5,8,11,135,10,21,45,0.253963056,0.236922636,0.164463955,0.166928414,10,9,10,9,34.5389756,2.606149,3.618207,7.678707048,6,1,72,0,6,1,HL
HL1949,12,23,20,10,5,18,209,20,6,146,0.172124131,0.080195062,0.285302029,0.221492412,8,8,3,10,36.1460675,1.6840963,1.9971142,32.55938455,6,1,72,0,6,1,HL
HL1949,12,24,20,7,8,20,583,14,9,161,0.172588639,0.097805593,0.29951713,0.186514652,1,6,1,6,100.791765,1.4670839,2.9951713,30.21537365,5,1,60,0,6,1,HL
L1168,1,1,20,2,4,18,125,1,3,51,0.502227138,0.76454375,0.815046625,0.621576031,4,4,4,2,79.516548,1.5290875,3.2601865,32.3529554,2.25,0.5,18,0,6,0,L
L1168,1,2,20,7,20,4,101,8,47,3,0.678597638,0.197566856,0.767335556,0.321335574,8,8,8,7,73.7102159,1.7781017,36.8631085,1.285342296,2.75,0.5,22,0,6,0,L
L1168,2,3,20,2,4,18,142,1,3,74,0.554612142,0.90455175,0.573782825,0.321111701,5,5,2,1,80.4936039,1.8091035,2.2951313,26.8526096,5.5,0.5,44,0,6,0,L
L1168,2,4,20,5,6,11,108,15,10,39,0.403023054,0.175510031,0.327564191,0.184860575,10,6,3,10,52.1189811,5.1952971,4.3372481,8.416296196,5.5,0.5,44,0,6,0,L
L1168,3,5,20,3,3,19,166,5,6,49,0.377859935,0.2338467,0.1137208,0.357260436,6,6,6,6,66.8778252,2.1071206,1.5280874,18.6267679,4,1,48,0,6,0,L
L1168,3,6,20,8,20,18,111,10,41,43,0.472053787,0.467844936,0.520386907,0.283629857,3,3,3,9,56.9872595,7.0974059,22.5422894,13.211605,5.25,0.5,42,0,6,0,L
L1168,4,7,20,2,4,16,65,1,6,38,0.758725217,0.41352365,0.106863271,0.456410721,2,4,4,2,52.1199811,1.4980857,1.3720785,19.9280119,2.25,0.5,18,0,6,0,L
L1168,4,8,14,2,3,3,41,2,2,2,0.598748533,0.4160238,0.390022333,0.1770101,7,7,7,3,26.3175053,1.9971142,1.7000973,0.930725596,3,1,36,0,6,0,L
L1168,5,9,18,5,12,14,123,7,16,24,0.284274321,0.29439185,0.249720171,0.527669536,7,9,7,7,38.236187,2.7301562,13.8217905,15.265857,6,1,72,0,6,0,L
L1168,5,10,19,7,4,17,78,7,10,131,0.594198546,0.12875735,0.205557218,0.193859573,2,2,2,2,54.4291132,1.4980857,2.2921311,31.5444215,5.75,0.5,46,0,6,0,L
L1168,6,11,17,1,4,18,106,0,7,45,0.528058241,0.8260473,0.163759362,0.960769319,10,10,10,10,58.4223416,1.5290874,1.7781017,44.5394084,6,1,72,1,6,1,L
L1168,6,12,20,5,3,9,67,5,2,14,0.877535488,0.176676767,0.2340134,0.446158853,15,7,13,7,63.4926316,1.5600892,0.9980571,7.436942896,3,1,36,1,6,1,L
L1168,7,13,20,1,3,17,108,0,2,56,0.500496517,0.7950455,0.338019333,0.383322051,12,13,13,12,55.4271702,1.5810905,1.6170925,22.4273899,5.25,0.5,42,1,6,1,L
L1168,7,14,20,2,3,18,94,2,2,72,0.397580637,0.530697033,0.4470256,0.290359075,10,10,10,7,41.5743779,1.888108,1.6690955,22.8040213,6,1,72,1,6,1,L
L1168,8,15,20,3,3,16,131,3,2,29,0.549440518,0.640036575,0.192344333,0.7152483,3,10,11,10,74.0842374,3.5572034,1.1700669,23.7815821,6,1,72,1,6,1,L
L1168,8,16,20,6,20,7,94,7,47,9,0.565063899,0.325393625,0.710436469,0.22941312,14,4,13,4,55.7541889,3.5412026,35.8960531,3.998636596,5.25,0.5,42,1,6,1,L
L1168,9,17,20,4,5,18,80,4,4,87,0.411961835,0.19361106,0.33681926,0.260401259,13,7,15,7,34.0239461,1.3260758,2.2311276,24.8816567,6,1,72,1,6,1,L
L1168,9,18,14,3,2,15,54,4,1,29,0.317963642,0.14660838,0.1640094,0.862682673,6,10,10,11,19.8281341,1.2320704,0.7960456,27.154738,6,1,72,1,6,1,L
L1168,10,19,20,2,2,19,145,2,1,124,0.419606192,0.276015767,0.3510201,0.369301124,15,3,4,3,61.4175129,1.5130865,1.3880794,49.2879546,4.5,0.5,36,1,6,1,L
L1168,10,20,19,3,2,12,70,2,2,23,0.360753028,0.5096958,0.223679467,0.781294683,14,10,14,14,26.5825204,2.2621294,1.2330705,19.6891292,6,1,72,1,6,1,L
L1168,11,21,20,2,2,19,145,1,6,85,0.428250521,0.60103435,0.144865443,0.198069469,4,6,6,3,65.9727734,2.044117,1.591091,18.7412993,4.25,0.5,34,1,6,1,L
L1168,11,22,13,3,15,7,103,3,56,9,0.252754842,0.132507575,0.169974633,0.74604839,10,10,10,7,32.2458443,0.7950455,11.0606326,7.677496496,5.5,0.5,44,1,6,1,L
L1168,12,23,20,3,3,14,66,7,6,41,0.369991312,0.12875735,0.167152429,0.367759133,11,12,13,12,24.7894179,1.8251043,1.5600893,17.9099082,5.75,0.5,46,1,6,1,L
L1168,12,24,20,1,3,14,52,0,2,20,0.617827791,0.6550375,0.275682433,0.6150828,10,10,10,10,32.8068765,1.4040803,1.3890794,13.6137246,6,1,72,1,6,1,L
L1168,13,25,20,3,5,18,86,2,5,52,0.438760729,0.312017833,0.161342567,0.5589565,14,14,11,6,39.2812468,1.4980857,1.3260758,30.5250041,5,0.5,40,1,6,1,L
L1168,13,26,17,4,2,12,36,3,1,26,0.331802762,0.33126895,0.48402765,0.302165433,10,10,15,10,12.7297281,1.3250758,0.9680553,9.424188096,6,1,72,1,6,1,L
L1175,1,1,20,10,12,20,566,26,37,137,0.617866027,0.332722733,0.386311571,0.508767078,9,9,3,4,389.5032783,11.0606326,16.0529182,78.24231631,4.25,0.5,34,0,3,0,L
L1175,1,2,20,4,20,14,114,7,205,31,0.820516496,0.274890725,0.635458676,0.363583297,10,6,6,10,98.5586373,2.9331677,134.5506959,14.32709251,4.75,0,19,0,3,0,L
L1175,2,3,20,19,3,17,137,135,2,59,0.75918835,0.531449515,0.764377067,0.405356522,8,3,8,2,105.7840505,78.4684881,3.2291847,27.53412051,4.25,0.5,34,0,3,0,L
L1175,2,4,20,2,5,19,202,2,8,74,0.732120694,0.145675,0.128340678,0.517909623,1,4,1,7,151.4616631,1.2660725,1.6670953,40.40958271,5,0.5,40,0,3,0,L
L1175,3,5,20,4,4,19,76,3,5,94,1.117739255,0.417273875,0.439358467,0.597402591,3,7,7,13,86.2999361,2.3561347,3.3061892,57.50338241,4.25,0,17,0,3,1,L
L1175,3,6,18,13,20,20,52,39,110,122,0.342038432,0.379771722,0.584790205,0.579886826,10,14,10,6,18.5200593,15.9559126,67.6418689,72.76493951,5.75,0.5,46,0,3,1,L
L1175,4,7,20,15,5,6,126,40,7,8,0.47083008,0.404071893,0.162009275,0.065383568,12,12,10,3,59.8574237,17.8940235,2.0911196,1.088480708,4.75,0,19,1,3,1,L
L1175,4,8,20,11,3,4,194,14,2,10,0.573761023,0.59696748,0.176676767,0.194374755,15,15,14,15,112.9144584,10.0145728,1.4660838,2.940205208,3.75,0,15,1,3,1,L
L1175,5,9,7,15,15,16,9,34,24,82,0.40872338,0.272358434,0.910452072,0.300149698,10,12,10,10,4.2272418,10.2495863,23.2913321,25.66819851,5,0,20,1,3,1,L
L1175,5,10,17,20,12,16,37,132,32,59,0.890445666,0.353854826,0.534182067,0.475028313,6,13,7,13,33.9769434,50.1228668,18.5180592,29.26674261,4.75,0,19,1,3,1,L
L1175,6,11,11,18,12,13,69,134,36,111,0.209711994,0.297098475,0.577195176,0.258061751,14,4,14,15,14.8198476,41.6683833,22.0422608,31.50906511,5,0.5,40,1,3,1,L
L1175,6,12,20,4,20,2,240,5,369,2,0.38385183,0.083171417,0.255279466,0.2080119,10,10,6,12,94.130384,1.2330705,96.7215322,1.183144908,4.5,0,18,1,3,1,L
L1175,7,13,17,19,3,2,38,68,5,2,0.530414954,0.392935517,0.2598482,0.176676767,4,3,3,3,20.6861832,28.3456213,2.2611293,1.743599408,4,0,16,1,3,1,L
L1175,7,14,9,6,13,17,12,5,20,86,0.405561662,0.670705033,0.570508824,0.596206514,7,14,10,7,6.0213444,4.5552605,12.6667245,54.47409591,5.25,0.5,42,1,3,1,L
L1213,1,1,15,16,17,19,175,49,64,51,0.250309772,0.301997274,0.22655142,0.446263454,9,10,7,7,47.2687037,17.8150189,15.8339057,25.8868532,4,1,48,0,5,0,L
L1213,1,2,14,13,7,20,60,31,19,57,0.442943369,0.929084391,0.495178315,0.640390536,2,6,3,6,28.3456213,33.445913,12.7147273,39.1087634,2.75,0.5,22,0,5,0,L
L1213,2,3,18,2,18,20,32,2,50,88,0.683099676,0.343019667,0.387296663,0.595816613,8,10,8,3,24.0243741,1.591091,22.4792857,57.1129124,3.75,0,15,0,5,0,L
L1213,2,4,18,6,11,6,66,7,168,36,0.235879163,0.204761713,0.224308688,0.170353616,4,5,5,1,17.2849886,1.6380937,37.9081682,6.3030838,2.25,0.5,18,0,5,0,L
L1213,3,5,11,1,5,15,27,0,5,28,0.593855393,1.0920625,0.533030483,0.642031166,1,1,10,2,19.3901091,1.0920625,3.1981829,19.1019314,6,1,72,0,5,0,L
L1213,3,6,17,4,3,17,34,3,2,81,0.533487657,0.4057732,1.154399333,0.303836693,3,7,8,8,20.8731939,1.7000973,3.463198,33.6501083,3,1,36,0,5,0,L
L1213,4,7,14,5,12,8,98,4,53,34,0.24039759,0.26861534,0.2606075,0.222986423,2,4,4,9,38.673212,1.6530945,26.6135222,13.0448247,5,1,60,0,5,0,L
L1213,4,8,19,9,8,6,164,31,45,23,0.204029852,0.249639278,0.268906685,0.197485108,5,7,5,1,36.2700745,7.9884569,12.3697075,4.7396426,5.25,0.5,42,0,5,0,L
L1213,5,9,20,1,7,3,78,0,8,2,0.622010261,2.4961427,0.286127467,0.5661019,3,3,3,12,53.4930597,2.4961427,3.6662097,1.6983057,3.5,0.5,28,1,5,1,L
L1213,5,10,20,8,13,5,118,11,41,10,0.444655683,0.196261225,0.224703329,0.126430982,10,4,14,7,61.7285307,2.3551347,10.6546094,1.7337604,2.75,0.5,22,1,5,1,L
L1213,6,11,20,2,6,15,88,1,9,36,0.639789404,0.5385308,0.56513233,0.634097927,11,15,15,11,60.247446,1.4670839,8.0334595,24.6636921,3.5,0.5,28,1,5,1,L
L1213,6,12,18,1,2,13,46,0,1,23,0.620439743,0.9000515,0.69453975,0.398176846,14,14,14,4,29.9407125,0.9000515,1.3890795,9.5562443,3.75,0.5,30,1,5,1,L
L1213,7,13,19,3,3,19,187,2,2,60,0.237486986,0.271348833,1.070727933,0.620402748,6,3,7,6,53.9920881,1.5000858,3.2581864,39.795679,3.5,0.5,28,1,5,1,L
L1213,7,14,19,14,17,16,56,32,35,51,0.80730933,0.665613827,0.642231172,0.6671305,14,15,14,15,48.3917678,23.025317,24.3523929,34.9868029,4,0,16,1,5,1,L
L1213,8,15,18,3,19,20,221,11,44,83,0.214260003,0.318518217,0.397489404,0.485098476,13,6,13,3,51.9019686,3.8222186,24.1483812,45.858564,5.25,0.5,42,1,5,1,L
L1213,8,16,20,5,2,13,146,4,1,23,0.62424659,0.23401338,1.014058,0.447709704,4,12,14,4,97.0945535,1.1700669,2.028116,10.7450329,4.25,0,17,1,5,1,L
L1213,9,17,20,1,1,14,99,0,0,18,0.473787101,1.2320705,0.87405,0.975889832,13,13,13,12,50.5908936,1.2320705,0.87405,19.3219514,2,1,24,1,5,1,L
L1213,9,18,20,3,1,16,185,2,0,39,0.509609794,0.213345533,0.8580491,0.590447228,14,10,10,10,99.6837016,0.6400366,0.8580491,24.3349301,3.25,0.5,26,1,5,1,L
L1213,10,19,20,6,4,16,282,8,3,30,0.434099034,0.126785022,0.33101895,0.4086301,6,3,4,7,143.6452161,1.1410652,1.3240758,15.5396975,4.25,0.5,34,1,5,1,L
L1213,10,20,11,8,3,16,26,8,2,32,1.358336952,0.471360289,0.577366367,0.32250607,14,11,10,15,39.0152315,5.2422998,2.5421454,16.180017,3.25,0,13,1,5,1,L
L1373,1,2,17,3,3,2,134,7,3,1,0.297861483,0.079879563,0.16400935,0.65503745,3,6,3,3,72.1791284,1.3880794,1.4670839,1.894778467,4,1,48,0,5,0,L
L1373,2,3,18,4,5,9,117,6,4,45,0.41710013,0.051145771,0.29941714,0.353148621,3,4,2,4,49.8428509,1.4190811,1.9971143,16.77586697,4.25,0.5,34,0,5,0,L
L1373,2,4,19,5,3,18,338,4,2,116,0.317012232,0.24041376,0.389688933,0.294185872,5,6,6,8,111.4153726,2.2001258,1.8561062,36.96489277,4.5,0,18,0,5,0,L
L1373,3,5,20,5,7,7,162,6,7,7,0.446951944,0.122578429,0.499153562,0.214512275,3,8,6,3,73.3041928,1.6690954,4.789274,2.559563867,2,1,24,0,5,0,L
L1373,3,6,20,6,16,20,252,5,72,66,0.277537613,0.73070845,0.330813442,0.532989114,5,2,5,2,70.7470465,5.1322936,24.9754285,36.31930547,6,1,72,0,5,0,L
L1373,4,7,20,3,1,19,126,2,0,70,0.528187691,0.3173515,1.294074,0.659403913,10,10,1,10,67.0798367,1.7010973,1.8561062,51.25451017,4,0,16,0,5,0,L
L1373,4,8,20,3,9,13,204,2,15,14,0.452406365,0.634369633,0.350020019,0.515829513,4,3,5,3,92.9143144,3.2441856,6.5833765,10.30055447,2.75,0.5,22,0,5,0,L
L1373,5,9,16,4,2,13,65,4,1,52,0.38977987,0.18081036,0.3355192,0.430024596,4,10,7,6,27.2525587,1.6230929,1.2010687,22.90714757,3.25,0.5,26,0,5,1,L
L1373,5,10,20,3,18,11,111,3,120,39,0.442694963,0.14050805,0.523310922,0.512479312,12,11,13,15,51.0289187,1.7000972,64.9747163,22.65868707,5.5,0.5,44,0,5,1,L
L1373,6,11,20,5,12,15,175,8,24,59,0.316182857,0.610034889,0.222172708,0.411793396,3,4,6,4,55.8791961,6.2713587,5.6323222,25.73666267,2.75,0.5,22,1,5,1,L
L1373,6,12,19,1,3,18,105,0,5,212,0.361152733,1.2330705,0.582366633,0.351189531,11,10,10,12,39.0942361,2.1061204,3.6502088,76.65647617,6,1,72,1,5,1,L
L1373,7,13,20,10,11,19,108,21,16,100,0.630164483,0.365248159,0.512970518,0.40110215,11,15,15,11,70.6220393,9.0795193,9.702555,42.84305287,4.5,0.5,36,1,5,1,L
L1373,7,14,20,16,10,17,232,29,19,51,0.505355085,0.43792505,0.656737565,0.559400265,4,7,7,14,119.7928517,13.9627987,13.5877771,30.74290837,3.5,0.5,28,1,5,1,L
L1373,8,15,20,2,19,4,124,2,88,3,0.49494831,0.509695833,0.509916804,0.230855717,10,10,6,6,65.1457262,2.5741472,51.0909222,1.484454967,5.75,0.5,46,1,5,1,L
L1373,8,16,16,9,17,9,63,34,52,36,0.477511687,0.528173071,0.598053075,0.317072189,12,13,12,14,30.7477587,19.7811314,33.305905,13.27206207,4,0,16,1,5,1,L
L1373,9,17,17,14,3,16,155,79,4,70,0.421716429,0.521229813,0.45242588,0.468213488,3,12,15,15,65.8187647,42.0404045,3.2291847,33.77418807,4,0,16,1,5,1,L
L1373,9,18,18,7,4,13,301,19,5,47,0.347129126,0.229313115,0.327685417,0.330660876,7,6,10,7,104.8329961,4.5862623,1.9661125,15.87172207,4,1,48,1,5,1,L
L1373,10,19,17,2,7,17,65,1,25,52,0.347444115,0.2495143,0.351058538,0.501556991,4,4,4,7,24.4603991,1.6230928,10.560604,27.29559567,4.25,0.5,34,1,5,1,L
L1373,10,20,20,4,18,17,81,3,113,95,0.383912202,0.409523425,0.562435678,0.323964879,12,12,15,15,33.5409184,2.324133,66.2537895,34.09579977,4.25,0,17,1,5,1,L
L1373,11,21,14,5,13,20,32,17,25,80,0.260499745,0.270459911,0.589187546,0.659445156,4,14,10,10,8.8625069,5.8643354,15.9429119,55.42917277,4.5,0.5,36,1,5,1,L
L1373,11,22,15,5,20,9,51,5,122,37,0.302709623,0.0728375,0.546250756,0.378046044,11,15,7,3,15.7879031,0.998057,68.5009181,15.84683437,5,0,20,1,5,1,L
L1455,1,1,18,14,8,4,45,53,11,4,0.634492809,0.603441919,1.073811425,0.46182642,3,6,2,2,47.0036884,46.3326501,14.6478378,3.159344514,4.25,0,17,0,5,0,L
L1455,1,2,18,6,13,12,28,9,34,44,0.548962438,1.15356599,0.771987011,0.800979144,9,7,8,1,18.4940578,12.4267107,29.5766917,42.06526501,3.5,0.5,28,0,5,0,L
L1455,2,3,11,2,12,8,45,1,34,10,0.845765767,0.3830219,0.715755226,0.707585918,7,5,7,7,40.9653431,0.7660438,27.954599,9.105253414,3.5,0.5,28,0,5,0,L
L1455,2,4,17,9,3,3,41,43,9,3,0.438215545,0.420933166,0.90165159,0.921640304,10,4,4,2,19.5781198,21.0132019,11.4346541,4.123586214,2.5,0,10,0,5,0,L
L1455,3,5,14,19,3,5,48,131,11,6,1.079592361,0.549781445,0.2755991,0.435476488,3,6,4,3,52.9000257,72.5711508,3.3071892,3.048335414,3.75,0,15,0,5,0,L
L1455,3,6,19,7,13,11,141,10,67,21,0.512388462,0.1120064,0.383801365,0.530920419,8,1,2,1,72.7591616,1.2320704,26.0984928,11.68024921,2.75,0.5,22,0,5,0,L
L1455,4,7,19,2,7,17,115,1,18,35,0.461147066,0.28051605,0.464763426,0.668746684,7,3,6,6,53.4930596,0.5610321,8.8305051,24.07488061,3.5,0.5,28,0,5,0,L
L1455,4,8,12,4,9,12,74,6,19,46,0.715934283,0.434596286,0.80184586,0.54465953,2,1,1,9,53.6950712,3.042174,16.0369172,25.59899791,3,0,12,0,5,0,L
L1455,5,9,20,11,4,3,85,24,3,2,1.471886513,1.116303844,0.650787225,0.928360171,15,14,11,11,127.5462953,28.5326319,3.4011946,3.425117114,4,0,16,0,5,1,L
L1455,5,10,19,4,5,3,46,3,7,4,0.81979157,2.3868865,0.290516625,1.005546723,6,4,10,3,39.8272779,11.1386371,2.6981544,5.417755914,4.25,0,17,0,5,1,L
L1455,6,11,19,1,18,5,47,0,40,9,0.704290283,0.4680268,1.438228602,0.120308901,7,7,11,6,33.8059336,1.0600606,59.7484174,1.702117514,3,0,12,1,5,1,L
L1455,6,12,14,5,6,3,17,26,14,2,1.0738392,0.536178815,0.786378307,0.456395738,15,3,4,12,19.3291056,15.053861,12.3547067,1.961221114,3.25,0,13,1,5,1,L
L1455,7,13,20,4,3,4,103,4,3,3,0.772505723,0.25581462,0.16000915,0.127421254,12,15,12,11,80.4346006,2.1991258,1.312075,1.238726714,3.25,0.5,26,1,5,1,L
L1455,7,14,20,2,3,5,76,2,3,18,1.182314378,0.509362467,1.0925625,0.352994795,7,7,4,4,91.0692089,1.5280874,4.931282,7.439943014,2.75,0.5,22,1,5,1,L
L1455,8,15,20,10,9,4,39,16,13,8,1.37160345,0.561620359,1.3727928,0.14265959,3,3,15,15,55.8321934,10.7796165,19.8591359,1.756963314,4.25,0,17,1,5,1,L
L1455,8,16,15,3,8,4,44,3,24,5,0.723863624,0.265265175,0.774364288,0.857218952,12,6,13,14,32.6038649,2.028116,21.1542099,7.360440614,4.75,0,19,1,5,1,L
L1642,1,1,20,5,2,11,95,4,2,18,1.00618255,0.3340191,0.5253634,0.773279323,7,7,7,4,112.8824565,3.760215,2.1991258,18.95155064,3.25,0.5,26,0,6,0,L
L1642,1,2,20,3,3,9,57,6,2,19,1.2079484,0.200440043,0.410690167,1.108074152,3,3,3,10,73.6792142,3.3541919,1.7781017,24.31360624,5.25,0.5,42,0,6,0,L
L1642,2,3,20,11,5,4,62,14,8,3,1.307376365,0.765310433,0.769599567,0.604534575,5,8,5,2,84.8308521,20.1861546,8.6264934,3.998117437,4,0,16,0,6,0,L
L1642,2,4,8,8,8,3,10,16,10,5,1.425263345,0.903934059,1.291982991,1.1280645,10,3,9,4,17.1909833,17.1599815,15.3198763,8.233691937,4.25,0,17,0,6,0,L
L1642,3,5,20,5,18,3,40,7,45,6,1.115600395,0.64941215,0.975664498,0.100291457,2,3,3,9,46.1296385,6.2873596,46.0356331,2.305430037,4,0,16,0,6,0,L
L1642,3,6,8,8,2,10,13,9,1,22,0.594962607,1.39147959,2.42563875,0.87162198,5,7,7,6,9.3595354,16.0219164,5.8963372,21.12436714,4.5,0.5,36,0,6,0,L
L1642,4,7,8,9,18,7,10,13,21,9,0.299108018,0.780044614,1.521132455,1.628665704,9,4,1,1,3.4001945,10.9516264,35.2720174,17.79974364,5.25,0.5,42,0,6,0,L
L1642,4,8,16,5,10,4,34,13,13,3,1.675495834,0.221726971,0.944839757,0.124015609,2,2,6,3,59.233388,3.9312249,14.6478378,1.026092837,3.75,0,15,0,6,0,L
L1642,5,9,13,3,10,15,33,2,10,27,0.708893488,0.234013367,1.6210018,0.602284454,7,7,7,3,24.336392,0.7020401,18.9540841,19.24549194,3.5,0.5,28,0,6,0,L
L1642,5,10,20,2,8,8,53,1,13,10,0.852808039,0.99855715,0.626178671,0.538939918,9,4,9,4,46.9246839,2.7921597,9.7655586,6.871777137,3.75,0,15,0,6,0,L
L1642,6,11,20,2,7,7,75,1,8,6,0.630588699,0.58503345,0.476693933,0.623892829,3,3,6,3,49.7958482,1.7470999,4.2902454,4.649635037,5,1,60,1,6,1,L
L1642,6,12,20,3,9,5,42,2,14,7,0.815581533,0.4103568,0.699039987,0.139792717,15,15,14,12,35.0700059,2.1051204,12.5897201,2.038394337,4,0,16,1,6,1,L
L1642,7,13,20,2,4,12,81,1,3,82,0.566654363,0.2185125,0.98905655,0.156329797,10,11,10,12,48.9998026,0.437025,5.0542891,15.20550074,5.5,0.5,44,1,6,1,L
L1642,7,14,8,2,1,15,61,1,0,65,0.283064574,0.2185125,0.3900223,0.626957243,7,7,7,3,20.2481581,0.6400366,0.9200526,42.48924154,2.75,0.5,22,1,6,1,L
L1642,8,15,14,17,2,5,43,32,1,4,0.619762723,0.600337367,0.35102005,0.199041287,11,11,11,7,27.2695598,20.8561929,1.2330705,2.118270637,3.5,0,14,1,6,1,L
L1642,8,16,7,18,13,11,8,57,32,10,1.405858189,0.671003893,0.73713307,1.038117085,3,3,10,6,13.6437804,40.9333412,26.1964984,12.88637184,4.75,0.5,38,1,6,1,L
L1642,9,17,12,4,4,15,42,5,3,25,0.4803298,0.88138375,0.600784375,0.832690401,11,13,13,6,20.6541814,7.0514033,3.6662097,22.42999504,4.5,0,18,1,6,1,L
L1642,9,18,10,3,1,18,14,2,0,37,1.047326567,1.268739233,0.0930053,0.946345011,15,4,3,10,16.7079556,4.773273,0.9670553,38.73726924,5,0,20,1,6,1,L
L1642,10,19,9,2,20,5,15,1,88,6,0.318830738,0.33501915,0.461374704,0.470169757,10,3,6,3,5.1012918,0.6700383,42.2614172,3.410521437,5.5,0,22,1,6,1,L
L1642,10,20,19,6,17,5,95,12,23,14,0.40395019,0.388791469,0.921094354,0.376511636,14,7,15,15,40.6983278,7.2854167,23.3213339,6.615729937,4.25,0.5,34,1,6,1,L
L1642,11,21,5,6,11,7,13,7,14,8,0.593891107,0.60053435,1.035792573,0.757221604,14,6,11,14,8.3144755,5.1642954,16.363936,7.876055137,4.5,0,18,1,6,1,L
L1642,11,22,20,2,2,10,46,1,1,26,0.747468283,0.2340134,0.3200183,0.334115475,3,3,3,7,36.332078,0.4680268,0.7960456,11.39125334,4.5,0.5,36,1,6,1,L
Lc1018,1,1,20,7,14,3,211,9,17,2,0.775039614,0.28231615,0.357075972,0.750900497,7,7,7,3,187.091701,5.3663069,8.6284935,2.613722191,3,1,36,0,5,0,Lc
Lc1018,1,2,20,2,10,9,167,1,21,22,0.534941311,0.53803075,0.528257486,0.575207182,5,6,8,8,92.7273037,1.7781017,12.5897201,14.11881599,4.5,0.5,36,0,5,0,Lc
Lc1018,2,3,20,3,6,9,103,2,8,9,0.930735926,0.332352367,0.811268633,0.773838739,5,5,5,9,103.4129149,1.2630723,8.5644898,9.315477791,4,0,16,0,5,0,Lc
Lc1018,2,4,19,1,2,12,41,0,1,23,0.989628026,0.437025,0.4055232,0.417565546,1,1,6,1,44.460543,1.1700669,1.888108,14.77772479,2.75,0.5,22,0,5,0,Lc
Lc1018,3,5,20,4,2,16,100,5,1,20,0.612143928,0.5330305,0.8965513,0.830513247,7,7,8,8,65.1307253,3.759215,1.8251044,18.37683179,3.5,0.5,28,0,5,0,Lc
Lc1018,3,6,20,7,2,17,100,11,1,43,0.788322321,0.230179833,0.46802675,0.432502014,4,4,10,4,82.8987415,3.4011946,0.9360535,23.27791399,5.75,0.5,46,0,5,0,Lc
Lc1018,4,7,20,3,4,9,192,2,3,15,0.55416123,0.2963503,0.21076205,0.392662993,7,8,1,1,108.5302076,1.6530946,1.7000972,6.687631091,3.5,0.5,28,0,5,0,Lc
Lc1018,4,8,20,5,16,11,174,8,46,23,0.538327935,0.0884495,0.409214894,0.420565721,4,10,6,4,96.299508,1.871107,20.6861832,10.82220999,2.25,0.5,18,0,5,0,Lc
Lc1018,5,9,20,3,2,6,163,4,1,10,0.726285445,0.37142126,0.42102405,0.635399973,10,7,4,7,124.8481409,2.8551633,1.4050803,7.735800791,3,1,36,0,5,1,Lc
Lc1018,5,10,20,4,1,3,66,5,0,2,0.645469755,0.374354767,1.1380651,0.406023267,8,3,5,3,45.8646233,3.1981829,1.731099,1.840234491,6,1,72,0,5,1,Lc
Lc1018,6,11,20,11,5,20,357,35,9,93,0.358892036,0.339741656,0.28081606,0.370084996,9,10,7,10,130.9944924,13.0577469,3.5562034,36.66954119,6,1,72,0,5,1,Lc
Lc1018,6,12,11,15,1,9,15,24,0,11,0.241763825,0.446145516,2.0591178,0.430274608,2,5,5,5,5.5223159,11.5906629,2.1371223,5.934179991,6,1,72,0,5,1,Lc
Lc1018,7,13,6,19,14,6,15,22,40,6,0.289579063,0.585337826,0.681453612,0.930288984,7,5,3,5,4.633265,13.46277,29.2346722,7.120057691,6,1,72,0,5,1,Lc
Lc1018,7,14,9,18,8,5,21,50,19,10,0.449389345,0.376531337,0.56948258,0.172812654,9,9,1,10,11.3876513,20.8101903,11.9036808,2.586978491,5.75,0.5,46,0,5,1,Lc
Lc1018,8,15,7,15,6,18,11,22,5,55,0.625285758,0.369021113,1.138898467,0.7539328,5,5,5,3,7.5654327,9.3605354,7.1604095,43.32830019,6,1,72,0,5,1,Lc
Lc1018,8,16,5,8,7,17,9,9,13,48,0.64433686,0.5506315,0.632893343,0.715693996,9,1,10,10,7.7844452,5.8343337,8.8915086,35.94336079,6,1,72,0,5,1,Lc
Lc1018,9,17,13,5,3,9,33,4,2,16,0.313400279,0.22141266,0.478360667,0.365940964,8,10,8,10,10.6556095,1.4350821,1.435082,6.485011491,6,1,72,0,5,1,Lc
Lc1018,9,18,7,14,12,17,11,21,26,31,0.696789867,0.634672668,0.464471011,0.663073072,3,2,4,4,9.7345568,14.2598156,12.9157387,22.26439799,6,1,72,0,5,1,Lc
Lc1018,10,19,4,11,5,14,4,13,5,22,0.43982514,0.77332995,0.410856817,0.457116074,5,5,6,5,2.1991257,10.8266193,2.9641695,10.51366969,6,1,72,0,5,1,Lc
Lc1018,10,20,6,16,6,2,7,29,8,1,0.462151425,0.669771643,0.487027856,0.3355192,4,4,10,7,3.6972114,20.0931493,4.4922569,1.196339991,6,1,72,0,5,1,Lc
Lc1018,11,21,18,5,2,20,58,5,9,39,0.369343158,0.25734805,0.16510944,0.65323736,3,10,10,10,22.3222768,2.1371222,2.1531232,26.88630579,6,1,72,0,5,1,Lc
Lc1018,11,22,16,7,9,15,21,10,18,35,0.692085041,0.3899314,0.657774468,0.615285192,9,1,1,8,15.350878,4.8982802,13.0277452,22.31977139,6,1,72,0,5,1,Lc
Lc1018,12,23,14,13,9,20,39,30,20,36,0.353745233,0.49012481,0.515553295,0.817073765,2,5,5,6,14.1498093,15.4278824,11.4196532,30.70558259,6,1,72,0,5,1,Lc
Lc1018,12,24,3,16,9,14,2,21,23,29,0.676038667,0.597761464,0.422565833,0.593833963,7,8,8,10,2.028116,13.5877772,10.9046237,18.27719459,6,1,72,0,5,1,Lc
Lc1033,1,1,20,4,10,7,167,3,16,12,0.914504688,0.3547703,0.852519359,0.707963577,10,3,3,3,182.8334574,1.7160982,16.0989208,10.81479474,5.5,0,22,0,5,0,Lc
Lc1033,1,2,18,3,4,16,100,2,4,53,0.33506867,0.301017233,0.35242016,0.572944695,2,6,6,6,41.7303869,1.5590891,2.7771589,33.99418814,4,1,48,0,5,0,Lc
Lc1033,2,3,20,8,17,12,65,21,63,25,1.010679021,0.286470932,0.703430863,0.51599105,1,1,9,9,69.1859572,7.098406,48.0637491,17.13883804,3.75,0,15,0,5,0,Lc
Lc1033,2,4,20,10,8,17,124,17,21,52,0.737210166,0.281682778,0.617580782,0.651980687,6,4,7,7,94.8334241,6.1943543,15.0218592,36.29705564,4,0,16,0,5,0,Lc
Lc1033,3,5,20,3,2,20,173,3,3,155,0.328857891,0.246014075,0.3077676,0.304305866,3,3,6,4,70.3250224,2.2941312,1.4650838,49.91469464,5.25,0.5,42,0,5,0,Lc
Lc1033,3,6,15,5,5,14,82,5,4,64,0.441121617,0.127340617,0.17160982,0.692408837,2,8,2,5,36.6750977,1.591091,1.4360822,46.49230524,3.5,0.5,28,0,5,0,Lc
Lc1033,4,7,20,3,5,11,125,3,6,25,0.684062937,0.343269625,0.3254472,0.895089654,7,7,7,7,87.5630083,2.4021374,2.4351393,23.33978134,3,1,36,0,5,0,Lc
Lc1033,4,8,19,4,4,9,116,3,3,17,0.622531333,0.249514275,0.226262925,0.719374483,3,2,3,8,72.836166,1.5760902,1.4660838,13.19686034,5,1,60,0,5,0,Lc
Lc1033,5,9,20,3,13,13,115,3,23,22,0.631674061,0.639536575,0.564865646,0.973316548,6,8,6,6,73.4452009,3.1671811,14.1178075,23.19888794,2,1,24,0,5,1,Lc
Lc1033,5,10,19,4,6,18,63,5,7,105,0.612050634,0.23918035,0.393897537,0.554751111,9,3,3,9,40.9663432,2.0431168,3.1981829,61.64177994,5,0.5,40,0,5,1,Lc
Lc1033,6,11,14,12,2,1,41,28,1,0,0.949387636,1.067750731,0.6025345,0.9350535,9,9,9,9,39.8742807,33.4149112,1.8291047,1.698723345,4,1,48,0,5,1,Lc
Lc1033,6,12,20,3,15,10,82,7,28,20,0.767971637,0.080004575,1.005988572,0.804428555,1,2,4,1,63.8816539,1.2010687,29.6716971,17.51703534,3.5,0.5,28,0,5,1,Lc
Lc1033,7,13,20,1,4,12,67,0,3,21,0.90569886,0.3280187,0.916552425,0.576561857,10,10,8,8,63.7886485,1.2630723,4.6032633,13.52440884,6,1,72,0,5,1,Lc
Lc1033,7,14,20,5,15,12,90,4,17,36,0.717084971,1.37907888,1.240237606,0.682725936,1,1,4,6,66.4247993,7.8934515,23.7123563,25.99490154,4.5,0.5,36,0,5,1,Lc
Lc1033,8,15,18,6,10,15,129,9,18,58,0.486950932,0.19671125,0.772149432,0.47319195,5,5,7,3,81.9006845,2.1061204,20.857193,34.30169024,4.25,0.5,34,0,5,1,Lc
Lc1033,8,16,20,3,4,19,96,3,4,37,0.630860822,0.1832605,0.51202928,0.850568735,10,1,10,10,78.9525158,1.3570776,3.4641982,33.14665904,6,1,72,0,5,1,Lc
Lc1033,9,17,20,8,4,8,111,16,4,11,0.869719387,0.491910488,0.14040802,0.707537962,3,3,4,4,98.9666605,9.7975604,1.4190812,9.161493945,4.25,0.5,34,0,5,1,Lc
Lc1033,9,18,15,1,5,13,29,0,4,32,0.570732647,0.4680268,0.3340191,0.832894095,2,10,2,10,19.9681421,1.1070633,1.6700955,28.14054254,6,1,72,0,5,1,Lc
Lc1033,10,19,19,4,2,17,230,5,1,121,0.274054638,0.2521811,1.88010755,0.196267193,6,2,6,6,64.6156958,2.1991258,4.2592436,25.53368834,4,0,16,0,5,1,Lc
Lc1033,10,20,10,8,7,6,40,72,68,60,0.154447859,0.300250051,0.120731543,0.127798856,10,1,8,9,6.9263962,23.8073617,9.2025263,8.544773145,4.5,0.5,36,0,5,1,Lc
Lc1033,11,21,17,7,5,18,58,9,13,44,0.454263271,0.0684039,1.003914564,0.639465003,7,10,10,7,27.1125508,1.4040803,14.7888459,29.21194994,5,0.5,40,0,5,1,Lc
Lc1033,11,22,9,6,7,18,32,8,12,39,0.488785533,0.183788311,0.478796615,0.781640189,3,6,6,4,16.2549297,2.4961428,7.0204015,32.18566014,5.5,0.5,44,0,5,1,Lc
Lc1531,1,1,17,4,7,9,475,8,11,16,0.29708422,0.658704333,0.317184808,0.200011447,2,2,2,10,151.3836587,5.928339,3.8062177,3.865851842,3.25,0.5,26,0,6,0,Lc
Lc1531,1,2,17,4,7,16,100,5,7,127,0.425658009,0.231513233,0.233888375,0.270687358,3,7,5,7,44.163526,1.3890794,2.9951713,35.24120064,3,1,36,0,6,0,Lc
Lc1531,2,3,20,6,14,2,347,9,19,2,0.346160604,0.45402597,0.46882681,0.447025567,6,10,2,10,120.4638902,4.5402597,12.6827254,2.952082242,4.75,0,19,0,6,0,Lc
Lc1531,2,4,20,5,5,3,237,6,4,3,0.232496492,0.3698783,0.73304192,0.690289475,7,1,5,7,55.6301819,3.0261731,3.9312248,3.161047442,3,1,36,0,6,0,Lc
Lc1531,3,5,20,3,5,17,121,6,8,48,0.38744839,0.142579586,0.395355944,0.527589785,5,5,6,7,47.2687036,0.9980571,3.5582035,26.72594944,3,1,36,0,6,0,Lc
Lc1531,3,6,20,4,20,13,121,5,79,23,0.324543153,0.543364417,0.442237794,0.588196277,2,3,9,3,39.5942647,4.1332364,35.771046,14.70874454,4.5,0,18,0,6,0,Lc
Lc1531,4,7,20,14,6,3,137,28,6,2,0.513333709,0.466405986,0.490599486,0.8320476,9,10,1,8,71.0110616,14.4458262,4.19624,3.381075142,3.25,0,13,0,6,0,Lc
Lc1531,4,8,20,13,16,16,232,43,29,42,0.360003424,0.329791589,0.347886567,0.573635366,7,7,5,7,84.4748317,15.2898746,11.2926459,24.83533034,2.5,0.5,20,0,6,0,Lc
Lc1531,5,9,19,8,19,10,151,8,85,25,0.324715942,0.237569144,0.446955798,0.170537421,4,10,10,3,49.9828589,2.7771588,38.4381986,4.433972942,4.25,0.5,34,0,6,0,Lc
Lc1531,5,10,13,4,5,20,36,4,6,191,0.346154935,0.22161268,0.414452286,0.364090625,9,1,2,5,12.8077326,1.731099,3.4321963,70.63844184,6,1,72,0,6,0,Lc
Lc1531,6,11,14,4,12,20,78,10,18,83,0.240709971,0.442479855,0.662616842,0.388812585,9,5,5,5,19.1880975,5.4283105,13.0887486,33.33129554,6,1,72,0,6,1,Lc
Lc1531,6,12,17,3,18,7,89,3,90,17,0.404900937,0.6545374,0.458916358,0.326416913,3,8,6,8,36.4750863,3.8192184,41.8073912,6.530541942,4,0,16,0,6,1,Lc
Lc1531,7,13,18,14,19,17,64,44,66,45,0.341296443,0.133118722,0.48919216,0.685060922,9,2,1,2,22.3862804,6.7243846,32.7758747,32.58051234,4.5,0.5,36,0,6,1,Lc
Lc1531,7,14,18,5,12,10,67,4,41,52,0.402611263,0.35882052,0.396308381,0.270884052,3,7,3,5,27.3775659,2.465141,16.644952,14.35685474,6,1,72,0,6,1,Lc
Lc1531,8,15,20,5,17,18,112,4,46,90,0.453663116,0.44622552,0.325337757,0.348243983,7,1,6,7,51.5269472,2.9961713,15.4928862,32.34323974,4.25,0.5,34,0,6,1,Lc
Lc1531,8,16,15,6,9,20,45,8,16,114,0.279146402,0.261459411,0.340843024,0.269756371,5,5,5,3,12.8407345,2.8211614,5.7943314,31.31899964,5.75,0.5,46,0,6,1,Lc
Lc1531,9,17,11,3,10,20,33,8,29,62,0.366168003,0.176787889,0.233480023,0.530848263,7,4,5,3,12.5277165,2.1521231,7.0044007,33.44344054,6,1,72,0,6,1,Lc
Lc1531,9,18,20,5,20,15,84,13,51,100,0.495534225,0.181653243,0.631209181,0.205427592,1,1,10,8,42.993459,3.2761874,33.8679372,20.99978774,4.25,0.5,34,0,6,1,Lc
Lc1531,10,19,17,6,10,11,69,9,32,41,0.144636844,0.12630722,0.344140897,0.343268372,10,6,4,6,10.3585925,1.9651124,11.5286594,14.77529214,6,1,72,0,6,1,Lc
Lc1531,10,20,12,20,15,9,17,144,57,16,0.399578411,0.322756392,0.536858291,0.49549435,7,5,8,5,7.1924114,46.7996768,31.1687827,9.157445942,6,1,72,0,6,1,Lc
Lc1531,11,21,19,18,6,11,63,53,17,34,0.431446552,0.370910104,0.681205628,0.237390898,7,6,5,5,27.6125793,20.3261626,12.7147273,8.838711742,6,1,72,0,6,1,Lc
Lc1531,11,22,18,1,14,11,38,0,20,17,0.360430872,2.6361507,0.6678001,0.451619697,9,9,1,4,14.5548325,2.8081606,15.7088985,8.909199142,5.5,0.5,44,0,6,1,Lc
Lc1531,12,23,14,9,3,15,35,30,2,64,0.301600583,0.356278442,0.592700567,0.268241582,5,5,6,3,10.857621,11.4966576,2.2001258,17.43570284,6,1,72,0,6,1,Lc
Lc1531,12,24,14,15,10,13,26,32,13,13,0.465137715,0.743133415,0.484742007,0.800117193,10,10,1,10,12.5587183,25.3194482,7.6124354,11.77498654,6,1,72,0,6,1,Lc
Lc1531,13,25,16,10,13,11,34,24,35,21,0.420766923,0.339459416,0.167426244,0.610638393,10,6,2,6,14.7268423,8.4864854,6.5363739,14.03207884,5.5,0.5,44,0,6,1,Lc
Lc1531,13,26,13,5,14,20,30,10,52,71,0.216883374,0.399931973,0.208691181,0.51139922,9,5,5,3,6.7853881,4.6962686,11.0606326,37.35077414,5.5,0.5,44,0,6,1,Lc
Lc1756,1,1,20,3,7,20,255,3,11,137,0.606956592,0.5577819,0.283349542,0.655434696,10,10,10,10,210.3510314,4.1972401,8.8915085,96.94435933,5.75,0.5,46,0,4,0,Lc
Lc1756,1,2,20,3,15,20,232,2,52,90,0.712160904,0.265015133,0.573372413,0.662113046,5,6,8,6,180.4143191,1.6370936,32.3388497,70.12185173,4.5,0.5,36,0,4,0,Lc
Lc1756,2,3,20,2,12,5,161,1,39,4,0.64547519,0.5225299,0.386472105,0.5332305,5,3,7,3,104.6609862,1.6380937,17.3159904,3.032986328,5.25,0.5,42,0,4,0,Lc
Lc1756,2,4,20,4,2,19,146,4,3,44,0.717612473,0.2184125,0.5577819,0.862228227,2,1,2,2,106.7041031,1.5600892,3.042174,39.90933353,2.25,0.5,18,0,4,0,Lc
Lc1756,3,5,17,4,1,17,87,3,0,79,0.946451862,0.16000915,0.9510544,0.370325548,9,5,2,9,83.5997817,1.2010687,1.872107,32.37020073,3.5,0,14,0,4,0,Lc
Lc1756,3,6,20,4,3,12,155,4,2,34,0.695110272,0.22761302,0.634703,0.636819107,10,6,6,6,108.9352308,1.7000972,2.4961428,22.34967233,6,1,72,0,4,0,Lc
Lc1756,4,7,14,7,4,16,82,7,3,58,0.662158355,0.086254937,0.31901825,0.445944917,7,3,3,3,54.9591435,0.6900395,1.276073,26.31075013,3,1,36,0,4,1,Lc
Lc1756,4,8,20,6,18,14,207,15,38,39,0.615073641,0.187198212,0.896794882,0.469940611,1,5,2,6,127.9353174,2.9951714,34.9750004,18.79762443,3.75,0,15,0,4,1,Lc
Lc1756,5,9,20,2,6,14,114,2,6,34,0.65710715,0.4160238,0.245156871,0.314235467,6,6,1,5,75.5673222,1.2480714,1.7160981,10.99824133,3.5,0.5,28,0,4,1,Lc
Lc1756,5,10,20,4,4,4,146,9,4,4,0.671228868,0.17320991,0.24641408,0.236737166,8,9,9,10,98.6706436,1.7320991,1.2320704,1.183685828,2,1,24,0,4,1,Lc
Lc1756,6,11,20,7,4,19,173,9,7,88,0.673762675,0.33071891,0.2535145,0.644583739,8,8,8,6,117.2347055,3.3071891,2.028116,57.36795273,3,0,12,0,4,1,Lc
Lc1756,6,12,19,12,8,6,99,31,8,12,0.641166673,0.368552328,0.521696511,0.092531794,7,1,7,1,64.1166673,11.7936745,4.6952686,1.202913328,3,1,36,0,4,1,Lc
Lc1756,7,13,20,6,9,12,128,5,18,19,0.749895605,0.717707717,0.367863153,0.192342781,4,4,10,2,97.3595686,5.07029,8.3154757,5.904973428,3,0,12,0,4,1,Lc
Lc1756,7,14,6,2,16,14,10,3,35,53,0.727587073,0.105256,1.050060058,0.206936208,9,5,1,7,9.0955203,1.0910624,39.0002307,13.04466223,4.25,0.5,34,0,4,1,Lc
Lc1756,8,15,20,1,3,6,132,0,3,7,0.758419319,0.2040117,0.116756675,0.29639195,7,7,4,1,101.5568087,0.87405,0.857049,2.931781128,2.75,0.5,22,0,4,1,Lc
Lc1756,8,16,15,6,2,6,78,6,1,12,0.905608761,0.213726514,0.3045174,0.734308948,8,3,2,8,72.4791456,2.1981257,1.2320704,10.10804853,2.25,0.5,18,0,4,1,Lc
Lc1756,9,17,20,4,18,14,117,5,46,38,0.773137441,0.093672033,0.533775213,0.596409055,7,10,10,9,91.9312581,1.4970857,25.6784687,24.83604323,4.25,0.5,34,0,4,1,Lc
Lc1756,9,18,7,8,3,18,17,11,2,46,0.772766428,1.680846142,0.275682433,0.844642573,4,5,6,2,15.0638616,21.0592045,1.4360822,40.38824033,2.75,0.5,22,0,4,1,Lc
Lc1756,10,19,17,1,15,6,51,0,23,6,0.762620542,0.5460313,0.705873704,1.059150533,3,3,5,4,39.6562682,1.0450598,17.6900118,7.897081328,5.5,0,22,0,4,1,Lc
Lc1756,10,20,10,3,2,11,14,4,1,17,0.592833907,0.12780732,0.31201785,0.547653174,2,2,8,8,9.126522,1.1700669,1.2630723,10.66780353,2.25,0.5,18,0,4,1,Lc
Lc1814,1,1,20,11,13,12,458,70,51,62,0.31506595,0.157783668,0.102871269,0.116832078,1,9,1,9,150.7586229,12.1216933,6.9263962,11.61600179,5.25,0,21,0,5,0,Lc
Lc1814,1,2,19,5,5,13,366,9,6,72,0.193444307,0.07640438,0.131293257,0.205706341,6,6,6,8,73.1651848,1.1700669,1.8271045,16.41164269,4.25,0.5,34,0,5,0,Lc
Lc1814,2,3,20,3,8,17,152,4,10,133,0.321070652,0.28381622,0.287925555,0.231996002,9,2,5,1,50.5288901,1.6220928,3.5722043,32.35153659,4,0,16,0,5,0,Lc
Lc1814,2,4,20,5,7,18,151,7,7,81,0.321110472,0.31401795,0.171634825,0.313612305,8,7,8,8,50.9349133,2.7611579,2.1371223,26.66826319,3.5,0.5,28,0,5,0,Lc
Lc1814,3,5,20,4,4,20,102,3,6,90,0.526777704,0.206761825,0.198297057,0.340919504,7,3,8,8,54.5371194,0.9680554,2.028116,32.56776349,2,1,24,0,5,0,Lc
Lc1814,3,6,20,1,8,18,151,0,22,50,0.372356824,1.294074,0.55077063,0.304769221,1,10,6,2,58.7503603,2.028116,13.5557754,17.19732489,6,1,72,0,5,0,Lc
Lc1814,4,7,20,9,7,12,71,14,12,39,0.489444661,0.40355642,0.245937138,0.250949562,7,10,10,3,35.2400156,6.0533463,4.1652382,10.17799049,3.25,0.5,26,0,5,0,Lc
Lc1814,4,8,18,4,5,6,63,6,8,13,0.472183258,0.097862743,0.327463167,0.728207435,9,4,5,5,30.4827435,1.1230643,3.3691927,11.86299959,3.75,0.5,30,0,5,0,Lc
Lc1814,5,9,20,11,5,19,47,16,9,64,0.53819745,0.205599994,0.19661124,0.39599188,7,1,7,4,26.1144937,3.6042061,2.5271445,26.60479089,2.75,0.5,22,0,5,1,Lc
Lc1814,5,10,13,3,12,10,46,2,43,25,0.473303666,0.577033,0.36022515,0.502182569,6,6,2,2,22.2452723,1.7941027,16.3639359,14.08481849,3.5,0.5,28,0,5,1,Lc
Lc1814,6,11,7,3,19,20,20,2,53,60,0.277825414,0.296350267,0.454137085,0.58104079,2,2,2,5,5.8343337,1.2630722,25.2724455,36.85956909,2.75,0.5,22,0,5,1,Lc
Lc1814,6,12,20,6,16,12,117,8,24,23,0.409430198,0.183677167,0.985936392,0.349495879,10,7,10,1,48.5447766,2.0741186,25.210442,9.121942986,6,1,72,0,5,1,Lc
Lc1814,7,13,20,17,5,5,142,33,4,5,0.391938501,0.504705338,0.38702214,0.339410931,4,2,4,4,56.0472057,17.1599815,1.9351107,2.036465586,2.25,0.5,18,0,5,1,Lc
Lc1814,7,14,13,5,8,5,30,6,11,6,0.620487103,0.2294417,0.90480175,0.366763655,10,8,8,10,19.2351002,1.6060919,10.857621,2.567345586,6,1,72,0,5,1,Lc
Lc1814,8,15,13,3,5,20,30,4,6,128,0.535933877,0.19341106,0.5148866,0.655267852,10,10,10,9,16.6139502,0.9670553,3.6042062,84.52955289,5.25,0.5,42,0,5,1,Lc
Lc1814,8,16,19,3,7,15,84,2,12,31,0.474980108,0.3066842,0.762043592,0.583426812,6,2,6,1,40.3733092,0.9200526,9.9065667,18.66965799,4.25,0.5,34,0,5,1,Lc
Lc1814,9,17,20,2,19,9,69,1,42,27,0.706683277,0.2185125,0.551450144,0.255343296,1,10,1,1,49.4988312,0.9680554,24.3043901,7.149612286,4.25,0,17,0,5,1,Lc
Lc1814,9,18,17,5,10,9,43,5,14,10,0.422274152,0.13267425,0.888117467,0.661374481,4,5,4,6,18.6890689,1.7320991,13.5867771,7.322121986,5.5,0.5,44,0,5,1,Lc
Lc1814,10,19,19,4,9,10,43,8,18,9,0.653423739,0.587589167,0.6494582,0.345533099,2,8,10,2,28.7506445,5.6953257,12.9157387,3.455330986,5.5,0.5,44,0,5,1,Lc
Lc1814,10,20,20,4,2,12,59,3,1,17,0.535613968,0.48352765,0.5380308,0.61943866,4,7,3,4,32.1368381,2.028116,1.0760616,11.14989589,3,1,36,0,5,1,Lc
Lc1814,11,21,20,9,18,6,86,14,49,13,0.395746774,0.573032773,0.345079738,0.65949677,10,10,7,7,34.4299693,8.5954916,17.2539869,9.232954786,5.5,0.5,44,0,5,1,Lc
Lc1814,11,22,20,4,15,3,78,4,41,3,0.336690144,0.2028116,0.49064711,0.866115172,5,5,2,4,26.5985214,1.014058,20.6071786,3.464460686,5.75,0.5,46,0,5,1,Lc
Lc1814,12,23,9,8,4,8,12,8,3,19,0.368405685,0.740153444,0.76829395,0.484028329,10,8,10,10,4.7892739,6.661381,3.0731758,9.680566586,6,1,72,0,5,1,Lc
Lc1814,12,24,14,3,19,6,21,3,69,5,0.285061759,0.308017625,0.450625774,0.664269898,5,2,5,5,6.2713587,1.2320705,31.5438042,3.985619386,6,1,72,0,5,1,Lc
Lc1983,1,1,20,3,18,10,71,2,36,24,0.903523904,0.374021367,0.958703484,0.515956109,7,6,7,7,86.1129254,2.0591177,36.6760978,13.92996172,3,1,36,0,6,0,Lc
Lc1983,1,2,19,4,7,4,87,7,15,4,0.728178012,0.317768175,0.949616819,0.46462658,4,1,2,2,66.6428118,3.0411739,15.2568727,3.021996822,2.5,0,10,0,6,0,Lc
Lc1983,2,3,13,4,10,16,84,4,28,39,0.301370179,0.28401622,0.668658934,0.51475444,8,9,8,3,26.4425124,1.9661124,19.6561243,21.42293372,2.75,0.5,22,0,6,0,Lc
Lc1983,2,4,19,7,11,15,112,11,24,43,0.527224845,0.5083624,0.476747272,0.450275757,1,10,2,4,60.7154727,6.6303792,12.3547067,20.63394212,5.75,0.5,46,0,6,0,Lc
Lc1983,3,5,18,5,8,5,161,4,20,6,0.334210475,0.11220642,0.562270257,0.359414403,6,2,5,6,54.617124,1.4030802,13.0567468,3.155937422,4.5,0.5,36,0,6,0,Lc
Lc1983,3,6,16,2,5,2,95,3,5,1,0.465609965,0.70204015,0.1583424,1.338640011,10,1,7,10,45.6306099,3.479199,1.5600893,3.269313822,2,1,24,0,6,0,Lc
Lc1983,4,7,20,6,15,7,79,9,42,17,0.684651659,0.2761158,0.30734316,0.414045629,5,8,6,8,59.4203986,3.2601865,14.4618272,8.154861422,4.25,0,17,0,6,0,Lc
Lc1983,4,8,18,3,11,19,106,18,75,47,0.42820206,0.182326216,0.337256133,0.420639559,4,10,3,4,46.7996767,4.5712615,25.771474,21.12675232,6,1,72,0,6,0,Lc
Lc1983,5,9,13,5,15,12,34,6,27,21,0.551745843,0.0757186,1.217855375,0.767225695,9,9,10,10,19.3421063,1.3420767,34.6319809,17.55370762,4.75,0,19,0,6,0,Lc
Lc1983,5,10,20,3,12,11,93,2,25,26,0.541616084,0.213345533,0.705578819,0.636126834,3,3,3,8,51.5579489,1.3260758,18.9850859,17.81446112,4.25,0.5,34,0,6,0,Lc
Lc1983,6,11,20,11,7,16,106,27,14,69,0.608399285,0.310339179,0.907985267,0.338871296,1,10,4,4,65.1617271,9.8135613,14.2578155,24.42303092,4.25,0.5,34,0,6,1,Lc
Lc1983,6,12,20,5,4,12,92,6,10,46,0.68489939,0.287159286,0.631127009,0.603428949,5,2,6,3,64.0846655,2.5891481,7.4264247,29.93425082,5.75,0.5,46,0,6,1,Lc
Lc1983,7,13,19,6,11,7,166,9,20,20,0.480895769,0.1294074,0.475027171,0.47673322,7,9,5,4,80.3095934,1.8561062,10.5996063,10.92544982,3.5,0.5,28,0,6,1,Lc
Lc1983,7,14,20,4,6,12,82,4,5,21,0.675315735,0.45542604,0.6863726,0.470000346,6,6,10,8,56.051206,3.0101721,4.7272704,10.40201122,4.25,0.5,34,0,6,1,Lc
Lc1983,8,15,15,4,3,10,72,3,2,26,0.370980122,0.5382808,0.447025567,0.601553412,2,5,5,9,27.0815489,2.1531232,1.4660838,17.81703222,3.25,0.5,26,0,6,1,Lc
Lc1983,8,16,20,9,19,4,88,13,89,3,0.63540713,0.352163007,0.414090352,0.40743758,10,1,6,6,57.9543148,6.2863596,38.1121799,2.299788622,4,0,16,0,6,1,Lc
Lc1983,9,17,20,8,2,13,139,22,4,28,0.519372564,0.215664509,0.30581748,0.361338115,3,10,10,3,72.7431606,5.8343337,2.5271446,10.80682412,3,0.5,24,0,6,1,Lc
Lc1983,9,18,20,7,19,7,147,8,52,16,0.47739217,0.612035022,0.732947583,0.143723078,9,5,5,5,71.3540812,7.3324194,39.6102656,3.114330722,4.25,0.5,34,0,6,1,Lc
Lc1983,10,19,20,3,15,9,329,4,49,52,0.23182235,0.0842048,0.258654796,0.216458425,1,1,1,1,76.6733854,1.4350821,13.618779,12.15833582,4.25,0.5,34,0,6,1,Lc
Lc1983,10,20,18,2,14,14,74,2,83,35,0.573672812,0.265348533,0.208357156,0.381299617,3,9,5,3,43.2274725,1.4350821,18.3920519,14.16281122,5.25,0.5,42,0,6,1,Lc
Lc1983,11,21,18,11,13,5,116,20,38,11,0.580409266,0.765091381,0.678013138,0.859666402,4,4,4,5,67.9078841,16.660953,26.7075276,10.31599682,5,0,20,0,6,1,Lc
Lc1983,11,22,17,3,11,7,74,3,20,11,0.649597156,0.191510925,0.696182681,0.534288527,8,10,7,10,49.670841,1.3260758,15.4598843,6.411462322,2.75,0.5,22,0,6,1,Lc
Lc1983,12,23,12,20,6,20,49,73,6,94,0.582833336,0.489730715,0.176010071,0.524792274,4,4,7,10,29.1416668,37.6261521,1.9661124,49.85526602,5,0.5,40,0,6,1,Lc
Lc1983,12,24,12,5,4,12,34,6,5,89,0.588805106,0.447882771,0.215679,0.360318585,8,5,8,5,21.1232082,4.1022346,2.3241329,32.45967442,3.5,0.5,28,0,6,1,Lc
LH1255,1,1,20,7,5,19,296,11,5,127,0.393423176,0.356270375,0.548364683,0.275070423,3,10,3,3,141.930118,6.4263676,4.19724,46.74784809,5.25,0.5,42,0,5,0,LH
LH1255,1,2,20,1,2,20,156,0,2,76,0.402118541,1.3730785,0.275682433,0.538511322,2,1,1,1,68.6399259,2.3721357,1.4970857,42.79050909,4.25,0,17,0,5,0,LH
LH1255,2,3,20,3,4,19,273,2,11,110,0.24510161,0.587700267,0.094838758,0.242004833,5,4,4,6,68.2519038,2.3221328,1.9651124,28.79706249,4.5,0,18,0,5,0,LH
LH1255,2,4,20,3,11,19,261,3,35,61,0.373563351,0.351020075,0.237874717,0.339079119,9,10,8,1,99.0136633,2.1371222,9.1885255,21.55393569,4.25,0.5,34,0,5,0,LH
LH1255,3,5,20,5,2,2,246,4,1,1,0.369729649,0.5210298,0.2025116,0.87355,7,8,7,3,91.3232234,3.3691927,0.7640437,2.215538089,3.5,0.5,28,0,5,0,LH
LH1255,3,6,20,1,17,18,185,0,54,110,0.389920152,0.3900223,0.349438171,0.214886165,5,5,1,2,72.9151705,1.0920625,20.124151,24.74982839,4.5,0,18,0,5,0,LH
LH1255,4,7,20,8,6,17,268,10,10,35,0.473911863,0.269469964,0.275106645,0.411382083,8,2,6,6,128.9343746,4.0252302,3.6972115,15.66780399,2.25,0.5,18,0,5,0,LH
LH1255,4,8,20,20,2,14,222,100,1,19,0.376779398,0.440361824,0.5845334,0.38532204,7,1,4,9,85.0978673,46.8946823,1.9651124,12.49710159,2.75,0.5,22,0,5,0,LH
LH1255,5,9,20,3,2,19,207,3,1,93,0.508836796,0.19151095,1.3020745,0.590040472,7,10,1,9,114.0205216,1.3270759,2.604149,57.72793399,5.5,0.5,22,0,5,1,LH
LH1255,5,10,20,1,4,6,250,0,9,9,0.358526482,0.5920339,0.23401338,0.135600859,6,2,6,2,92.1492706,1.170067,2.606149,1.356008589,3,1,36,0,5,1,LH
LH1255,6,11,20,6,6,18,189,6,7,91,0.382027114,0.276444386,0.2358885,0.318953026,1,2,1,10,73.6172106,2.465141,2.0901196,30.29974089,5.5,0.5,22,0,5,1,LH
LH1255,6,12,20,13,4,17,199,27,3,87,0.382601884,0.232334714,0.32751875,0.276720374,3,3,7,3,77.1424123,7.1294077,1.7941027,25.85879629,4.5,0,18,0,5,1,LH
LH1255,7,13,20,4,6,16,168,8,15,26,0.484069107,0.1074506,0.233013331,0.893236274,5,5,8,8,81.9006844,1.4350821,3.8082178,24.82168069,6,1,72,0,5,1,LH
LH1255,7,14,20,1,17,19,120,0,30,118,0.426495469,0.5130294,0.377892584,0.348843482,10,10,10,6,53.3990542,0.8270473,12.1206933,42.14824589,5.5,0.5,22,0,5,1,LH
LH1255,8,15,20,8,2,7,130,15,7,8,0.61173728,0.666913144,1.2344456,1.285471365,5,9,7,9,80.6996158,11.1696388,10.8266193,12.36428769,5.5,0.5,22,0,5,1,LH
LH1255,8,16,20,5,14,16,56,5,30,34,0.544996084,0.2338467,0.343697077,0.748853871,10,6,10,6,31.3877953,1.731099,10.6546094,26.70891409,5.5,0.5,22,0,5,1,LH
LH1255,9,17,20,10,7,20,300,15,10,109,0.378549891,0.13550775,0.663856145,0.440343368,6,6,6,7,114.3485403,2.8231615,7.9254533,49.30543479,3.75,0.5,15,0,5,1,LH
LH1255,9,18,20,4,19,1,223,4,50,0,0.315343929,0.22141266,0.239503896,1.0300589,3,9,10,10,70.6370402,1.7000973,12.6827254,1.530606889,5.75,0.5,23,0,5,1,LH
LH1255,10,19,20,2,6,16,395,1,11,89,0.223285498,0.3040174,0.183343825,0.422968637,4,9,3,4,88.4210574,0.8420482,2.465141,38.63947009,5.25,0.5,21,0,5,1,LH
LH1255,10,20,18,3,3,17,95,3,2,59,0.365625078,0.343019625,0.452359233,0.544464475,1,10,2,10,35.5050307,1.6380937,1.3570777,33.64695159,6,1,72,0,5,1,LH
LH1829,1,1,20,9,18,18,1049,58,87,83,0.201417235,0.16502639,0.296403317,0.268632189,9,2,9,10,219.5715588,10.1875827,26.0834919,22.56510388,3.5,0.5,28,0,5,0,LH
LH1829,1,2,19,5,18,18,149,4,90,84,0.302137281,0.26161494,0.225419487,0.39589865,6,6,5,6,46.2716466,1.4640837,20.7801886,33.68338708,4.25,0.5,34,0,5,0,LH
LH1829,2,3,20,6,17,17,368,11,81,76,0.268833805,0.318518225,0.248648368,0.258558141,6,7,1,8,99.6697007,4.3212472,20.3891662,20.04798478,4,1,48,0,5,0,LH
LH1829,2,4,16,6,5,6,81,7,13,23,0.26063686,0.2727656,0.261872121,0.344545053,10,9,9,4,21.3722225,2.605149,3.6662097,8.269081279,6,1,72,0,5,0,LH
LH1829,3,5,20,8,3,12,73,14,6,30,0.626400695,0.199678087,0.2182982,0.233981126,4,7,6,6,47.4407135,4.4922569,2.1221214,8.414124979,3,1,36,0,5,0,LH
LH1829,3,6,20,6,20,14,104,14,107,37,0.391793838,0.184210533,0.457600246,0.538188676,10,10,10,10,41.5433761,3.9312249,51.5579489,21.26693088,2.25,0.5,18,0,5,0,LH
LH1829,4,7,20,3,6,2,114,2,5,4,0.358385716,0.468026767,0.852882133,0.24021374,7,10,10,10,42.3844242,2.1371222,6.0993489,1.963855879,6,1,72,0,5,0,LH
LH1829,4,8,20,15,18,12,137,40,72,50,0.37825352,0.615327878,0.503056173,0.34227448,5,4,3,2,53.726073,27.7525873,38.673212,20.16375158,5.75,0.5,46,0,5,0,LH
LH1829,5,9,19,5,4,5,172,4,9,4,0.431695212,0.18121034,0.65823764,1.154338736,6,7,6,6,87.9370297,1.9661124,7.5194301,6.473733879,4,1,48,0,5,1,LH
LH1829,5,10,19,3,17,19,112,3,44,50,0.489966081,0.588783675,0.418801733,0.587621843,8,10,10,10,61.2775049,2.9631695,20.858193,33.21637038,6,1,72,0,5,1,LH
LH1829,6,11,20,5,10,19,180,15,15,121,0.350357056,0.315893069,0.258577294,0.399986673,1,4,1,2,63.5856369,5.8033319,4.633265,49.63942218,3.75,0.5,15,0,5,1,LH
LH1829,6,12,20,2,4,19,174,1,3,252,0.276604393,0.53053035,0.41352365,0.259294157,9,8,8,5,48.7177865,1.4350821,1.8411053,66.25545908,2,1,24,0,5,1,LH
LH1829,7,13,20,5,3,20,100,6,10,350,0.340613538,0.100577157,0.205648127,0.362246958,1,10,1,8,38.3901958,1.8411053,3.3851936,151.7370892,5,0.5,20,0,5,1,LH
LH1829,7,14,17,3,20,5,56,4,189,6,0.311316056,0.06560374,0.385132556,0.6153209,5,7,5,3,21.9492554,1.0450598,85.3638825,5.765093579,3.25,0,13,0,5,1,LH
LH1829,8,15,20,2,3,12,240,4,4,21,0.370390479,0.3060175,0.23041318,0.50577159,1,2,10,6,104.0219497,1.9651124,1.4040803,13.17109198,4,1,48,0,5,1,LH
LH1829,8,16,20,5,18,19,143,8,44,78,0.37323663,0.142008133,0.277749218,0.284370697,5,9,8,5,61.3865111,2.0591178,14.2278138,28.81381498,6,1,72,0,5,1,LH
LH1829,9,17,20,8,17,6,163,13,58,27,0.426987838,0.440239471,0.481502114,0.19162646,1,5,5,6,77.2354176,8.9855139,35.0690058,11.33888258,4.25,0.5,17,0,5,1,LH
LH1829,9,18,20,8,17,2,73,13,56,1,0.438052077,0.558174779,0.227328791,1.17756735,3,10,4,10,38.1891843,9.7965604,21.1852117,3.370104379,4.75,0,19,0,5,1,LH
LH1829,10,19,20,7,11,13,168,9,27,48,0.390483871,0.29341679,0.262407864,0.195807122,9,2,5,9,74.3812543,4.0712329,9.0795193,13.32920828,5.75,0.5,23,0,5,1,LH
LH1829,10,20,20,4,3,18,119,4,2,49,0.362270721,0.19981144,0.296683633,0.273559702,7,7,6,6,51.2939338,1.7941026,0.9980571,15.86211008,3,1,36,0,5,1,LH
LH1837,1,1,20,5,15,6,279,8,61,13,0.451450824,0.227012989,0.475075558,0.152201603,9,7,3,7,138.7949386,2.5601464,31.6658112,4.268944748,3.25,0.5,26,0,6,0,LH
LH1837,1,2,20,2,2,3,106,1,1,6,0.639578636,0.48302765,0.7955455,0.224156078,6,6,6,6,70.4810312,1.7160982,2.1991258,2.334136248,4,1,48,0,6,0,LH
LH1837,2,3,20,5,6,12,172,8,23,20,0.446996665,0.2322355,0.3328107,0.632659807,2,2,2,2,80.2785917,2.9481686,9.2975318,14.23491025,2.75,0.5,22,0,6,0,LH
LH1837,2,4,20,7,18,9,170,11,52,11,0.494349914,0.169009667,0.478876447,0.636098446,5,7,3,5,85.9719173,2.6371508,26.5665196,8.365223248,5.75,0.5,46,0,6,0,LH
LH1837,3,5,20,6,4,7,152,7,9,33,0.401225563,0.362645737,0.65193729,0.26605114,9,10,9,10,61.7615325,3.7282133,7.9244532,9.872786048,3.5,0,14,0,6,0,LH
LH1837,3,6,20,4,7,15,153,3,8,34,0.407412914,0.51077925,0.233902256,0.378421646,5,7,7,6,63.2896199,2.5581464,2.8701641,14.05207845,3.25,0.5,26,0,6,0,LH
LH1837,4,7,20,5,16,13,107,15,36,36,0.53515098,0.167634587,0.449863568,0.345072418,10,8,3,9,58.797363,3.759215,17.6600101,13.82773995,4,0,16,0,6,0,LH
LH1837,4,8,20,14,17,14,129,34,40,31,0.515160233,0.317789609,0.418536137,0.423526245,5,5,1,4,67.9538867,14.3208191,17.7520154,14.84891405,3.25,0,13,0,6,0,LH
LH1837,5,9,20,13,7,8,258,26,14,24,0.343861366,0.270941426,0.4160238,0.325125238,7,1,7,9,90.4341725,8.3924801,6.8953944,9.579213948,3.75,0,15,0,6,0,LH
LH1837,5,10,20,4,2,3,178,3,3,2,0.373188942,0.38202185,0.44852565,1.013792283,6,5,6,6,66.9248279,1.9651124,2.2621294,3.540405548,4,1,48,0,6,0,LH
LH1837,6,11,20,3,12,8,146,2,30,13,0.559168037,1.024391933,0.304436765,0.320635839,10,2,3,2,82.3687112,3.635208,9.9215674,5.080935548,4.25,0.5,17,0,6,1,LH
LH1837,6,12,20,5,4,5,140,5,6,9,0.417215352,0.267848633,0.951625857,0.519020565,6,7,5,8,58.8273647,2.1221214,6.8953944,6.452277848,4.5,0,18,0,6,1,LH
LH1837,7,13,20,10,7,13,279,29,16,46,0.301806548,0.177876843,0.221189124,0.224439595,8,2,3,10,84.9418584,6.0533463,4.773273,11.07969135,5,0.5,20,0,6,1,LH
LH1837,7,14,20,19,13,8,162,51,19,15,0.349044504,0.318902856,0.354870305,0.178819884,7,1,9,5,57.34628,17.3629931,7.4564265,3.580159248,4.5,0,18,0,6,1,LH
LH1837,8,15,20,10,8,11,173,26,11,24,0.298563054,0.290164744,0.689039408,0.270847838,8,3,5,8,52.6510114,8.5024864,8.9225103,8.282282348,5.75,0.5,23,0,6,1,LH
LH1837,8,16,10,18,4,9,36,69,3,11,0.232310584,0.615763793,1.27557295,0.366599646,9,1,10,10,8.5954916,45.0685778,6.0533462,5.039232348,4.75,0,19,0,6,1,LH
LH1837,9,17,20,10,4,17,125,21,9,31,0.522355272,0.239695527,0.27461572,0.632585867,7,7,7,6,66.2847912,5.6313221,4.1972401,21.30380845,3,1,36,0,6,1,LH
LH1837,9,18,20,5,16,4,87,5,36,4,0.488755228,0.904885083,0.664497465,0.24242741,2,10,9,10,43.1964707,5.7253275,25.6774686,1.947179148,5.5,0.5,22,0,6,1,LH
LH1837,10,19,20,2,5,5,282,1,18,10,0.246897514,0.3355192,0.1813788,0.219419795,5,3,3,5,71.8541098,1.2010687,4.0872338,3.489679348,5.5,0,22,0,6,1,LH
LH1837,10,20,20,2,4,6,156,2,3,7,0.37867771,0.5666991,0.511029225,0.632186831,10,10,10,4,61.2925057,1.7000973,3.0891767,5.509520448,5.25,0.5,21,0,6,1,LH
LH1837,11,21,20,5,4,12,264,5,5,36,0.216465211,0.181843733,0.200344783,0.282502643,1,10,10,1,58.6873568,1.591091,1.8411053,10.75093625,6,1,72,0,6,1,LH
LH1837,11,22,20,2,6,7,71,1,10,7,0.611868331,0.5000286,0.347474418,0.246648918,9,8,5,2,45.2085858,2.0601179,4.4922569,2.441218148,4.75,0,19,0,6,1,LH
